inferencia,draft_id,titulo,descripcion,tokens_prompt,tokens_salida,tok_s_generacion,tok_s_prompt,t_grafo_ms,t_llm_s,t_parseo_ms,t_total_s,n_palabras,menciona_precio,menciona_contacto
1,draft-001,Casa en Prudencio Moscoso para renta,"Una casa amplia de 200 m² en Prudencio Moscoso, a estrenar, donde el aire libre es una constante. Espacios para disfrutar el aire libre sin salir de casa, con terraza y jardín que invitan a relajarse y compartir momentos. Pensada para la convivencia en familia, con recámaras para cada miembro y un ambiente que fomenta la tranquilidad diaria. El gimnasio está disponible de pasada.",592,134,9.9,50.8,0.18,25.26,0.01,25.26,64,False,False
2,draft-002,Departamento en El Cerrillo con seguridad y comodidad,"Este departamento en El Cerrillo ofrece tranquilidad con acceso controlado para mayor seguridad durante el día y la noche. Diseñado para la vida en conjunto, resuelve el día a día con comodidad y espacio para crecer. Ubicado en un condominio, cuenta con elevador para acceso fácil y seguro. La presencia de seguridad 24 horas aporta estabilidad, ideal para parejas o familias que buscan un hogar de largo plazo.",594,128,9.8,44.6,0.16,18.88,0.01,18.88,68,False,False
3,draft-003,Casa en Barrio de Guadalupe con espacios para vivir,"Esta casa de más de 30 años ofrece practicidad para el día a día, resolviendo con comodidad las tareas cotidianas. Diseñada para la convivencia en familia, cada espacio contribuye a una vida equilibrada. Con una superficie amplia de 320 m² y cinco recámaras, permite que cada miembro de la familia tenga su espacio. La cocina integral y el cuarto de servicio agregan funcionalidad y durabilidad, reflejando un carácter sólido y una historia de permanencia en la comunidad.",591,156,9.7,45.3,0.15,21.6,0.01,21.6,77,False,False
4,draft-004,Departamento amueblado en La Isla,"Listo para habitarse sin complicaciones, este departamento en La Isla ofrece una vida diaria sencilla y práctica. Con diseño eficiente y espacios bien distribuidos, resuelve el día a día con comodidad. Amueblado y con closets integrados, es ideal para profesionistas que buscan instalarse rápidamente. Construido en 2018, forma parte de un condominio con ambiente de vida en conjunto.",610,122,9.7,43.7,0.17,18.68,0.01,18.68,58,False,False
5,draft-005,Casa en 31 de Marzo para familia creciente,"Esta casa en 31 de Marzo fue diseñada pensada para la convivencia en familia, con espacios amplios que facilitan el día a día. Ofrece un ritmo de vida tranquilo, ideal para parejas o familias que van creciendo. La estructura cuenta con tres recámaras y dos baños, manteniendo un ambiente hogareño y estable.",534,112,9.6,43.6,0.12,16.19,0.01,16.19,52,False,False
6,draft-006,Departamento en Real del Monte con estilo familiar,"Vive al aire libre sin salir de casa, con una terraza ideal para tomar el sol o compartir momentos en familia. Este departamento fue pensado para la convivencia diaria y el crecimiento de los hogares. Cuenta con áreas de juegos infantiles para que los más pequeños tengan su espacio de diversión. Construido en 2023, forma parte de un condominio que ofrece comodidad y tranquilidad. Un espacio que se adapta a años de vida en conjunto.",615,129,9.5,43.2,0.27,19.99,0.01,19.99,75,False,False
7,draft-007,"Local Comercial en Centro, Listo para Iniciar","En Centro, este local comercial cuenta con acceso controlado para mayor tranquilidad y circuito cerrado de seguridad que fortalece la protección diaria. Es un espacio listo para operar, ideal para quienes buscan establecer o desarrollar su propio negocio. Construido en 2021, ofrece estabilidad y condiciones adecuadas para atender clientes con comodidad y seguridad.",592,107,9.7,43.5,0.19,16.92,0.01,16.92,53,False,False
8,draft-001,Casa en Prudencio Moscoso para renta,"Una casa amplia en Prudencio Moscoso, a estrenar y pensada para la convivencia familiar. Disfruta del aire libre en su terraza y jardín, espacios para relajarte sin salir de casa. Ideal para quienes buscan un hogar donde la vida diaria fluye con comodidad y tranquilidad.",592,103,9.7,43.9,0.17,16.43,0.01,16.43,45,False,False
9,draft-002,Departamento en El Cerrillo con tranquilidad y comodidad,"En El Cerrillo, este departamento ofrece un espacio seguro y tranquilo, con acceso controlado para mayor tranquilidad. La vida en conjunto se vive con comodidad, resolviendo el día a día con eficiencia. Con seguridad 24 horas y elevador, es una vivienda pensada para parejas o familias que crecen con estabilidad. Forma parte de un condominio, ideal para quienes buscan permanencia y valor a largo plazo.",594,129,9.7,43.4,0.16,19.25,0.01,19.25,65,False,False
10,draft-003,Casa en Barrio de Guadalupe con cocina integral y cuarto de servicio,"Esta casa en Barrio de Guadalupe ofrece un espacio práctico que resuelve el día a día con comodidad. Con una superficie amplia y más de 30 años de historia, es un hogar pensado para la convivencia en familia. La cocina integral y el cuarto de servicio aportan funcionalidad, haciendo de esta vivienda un reflejo de vida cotidiana sostenida y tranquila.",591,127,9.6,9.2,0.15,13.4,0.01,13.4,60,False,False
11,draft-004,Departamento amueblado en La Isla,"Este departamento es lista para habitarse sin complicaciones, ideal para profesionistas que valoran la practicidad. Resuelve el día a día con comodidad gracias a su diseño compacto y eficiente. Amueblado y con closets, facilita la instalación y el orden diario. Forma parte de un condominio moderno con acceso a un roof garden, para momentos de descanso. Construido en 2018, ofrece un espacio reciente y funcional para vivir con tranquilidad.",610,135,9.7,9.7,0.19,14.13,0.01,14.13,69,False,False
12,draft-005,Casa en 31 de Marzo para familia en crecimiento,"Esta casa en 31 de Marzo está pensada para la convivencia familiar, con espacios amplios y funcionales que facilitan el día a día. Ofrece un ritmo de vida tranquilo, ideal para parejas o familias que van creciendo. Su estructura estable y su ubicación cercana permiten integrarse con comodidad en la vida cotidiana.",534,111,9.7,43.6,0.17,15.69,0.01,15.69,52,False,False
13,draft-006,Departamento en Real del Monte con vida al aire libre,"Este departamento en Real del Monte combina practicidad y comodidad para familias que crecen juntas. Cuenta con espacios para disfrutar el aire libre sin salir de casa, especialmente la terraza y el área de juegos infantiles, ideales para momentos de convivencia. Diseñado para la vida en conjunto, es un espacio que evoluciona con los años. Construido en 2023, forma parte de un condominio moderno, donde la calidad de vida se prioriza desde el inicio.",615,138,9.7,43.3,0.18,20.67,0.01,20.67,74,False,False
14,draft-007,"Local Comercial en Centro, Listo para Operar","En Centro, este local comercial ofrece acceso controlado para mayor tranquilidad y seguridad. Con construcción reciente de 2021, está listo para operar y atender clientes de forma eficiente. El circuito cerrado de televisión refuerza la protección del espacio, mientras que la ventilación permite un ambiente cómodo. Ideal para emprendedores que buscan un lugar estable y funcional para iniciar o crecer su negocio.",592,117,9.6,9.7,0.19,12.33,0.01,12.33,62,False,False
15,draft-001,Casa en Prudencio Moscoso para renta,"En Prudencio Moscoso, esta casa a estrenar ofrece espacios para disfrutar el aire libre sin salir de casa. La terraza y el jardín invitan a relajarse y compartir momentos al aire libre. Diseñada para la convivencia en familia, cada recámara cuenta con privacidad y comodidad para una vida diaria equilibrada y tranquila. Superficie amplia de 200 m², ideal para familias que buscan estabilidad y espacio para todos.",592,139,9.7,43.7,0.18,20.09,0.01,20.09,67,False,False
16,draft-002,Departamento en El Cerrillo con seguridad y comodidad,"Este departamento en El Cerrillo ofrece un estilo de vida estable y tranquilo, donde la seguridad 24 horas y el elevador brindan tranquilidad diaria. El acceso controlado favorece la tranquilidad de quienes buscan permanencia. Diseñado para parejas o familias que crecen, resuelve el día a día con comodidad. Forma parte de un condominio con servicios que apoyan una vida en conjunto sana y organizada. La presencia de alberca se menciona como detalle secundario.",594,144,9.7,8.9,0.16,15.08,0.01,15.08,73,False,False
17,draft-003,Casa en Barrio de Guadalupe con cocina integral y cuarto de servicio,"Esta casa, con más de 30 años de historia, resuelve el día a día con comodidad y espacio para todos. Diseñada para la convivencia familiar, ofrece una vida cotidiana equilibrada y estable. Con superficie amplia y una cocina integral, el hogar se vuelve más funcional. El cuarto de servicio permite una organización clara de tareas diarias, ideal para familias que buscan un ambiente duradero y de larga permanencia.",591,137,9.7,43.7,0.2,19.93,0.01,19.93,68,False,False
18,draft-004,Departamento amueblado en La Isla,"Listo para habitarse sin complicaciones, este departamento ofrece una vida sencilla y práctica en La Isla. Con pocos metros cuadrados y un diseño eficiente, resuelve el día a día con comodidad. El espacio cuenta con closets y está completamente amueblado, ideal para profesionistas que buscan establecerse con rapidez. La ubicación en condominio suma tranquilidad y compartición, mientras el roof garden se destaca como un toque agradable para disfrutar.",610,131,9.7,9.9,0.17,13.7,0.01,13.7,68,False,False
19,draft-005,Casa en 31 de Marzo para familia en crecimiento,"Esta casa en 31 de Marzo está pensada para la convivencia familiar, con espacios suficientes para crecer juntos. Ofrece un ritmo de vida tranquilo, ideal para quienes buscan estabilidad y comodidad en su día a día. Con tres recámaras y dos baños, es un espacio funcional y accesible para parejas o familias que van avanzando en su vida cotidiana.",534,122,9.7,43.1,0.12,17.04,0.01,17.04,59,False,False
20,draft-006,Departamento familiar en Real del Monte,"Vive al aire libre sin salir de casa, con espacios para disfrutar la naturaleza en la terraza y el área de juegos infantiles. Diseñado para la convivencia en familia, este departamento ofrece un estilo de vida equilibrado y práctico. Construido recientemente, forma parte de un condominio que combina comodidad con permanencia, ideal para parejas y familias que van creciendo.",615,115,9.7,42.9,0.17,18.31,0.02,18.31,59,False,False
21,draft-007,"Local Comercial en Centro, Listo para Operar","En Centro, un local comercial recién construido en 2021 ofrece seguridad y tranquilidad gracias a acceso controlado y circuito cerrado de televisión. Es un espacio funcional y listo para operar, ideal para quienes comienzan o desarrollan su negocio. El entorno permite una operación fluida y cómoda, sin complicaciones para comenzar a atender a clientes.",592,110,9.6,9.9,0.19,11.59,0.01,11.59,54,False,False
22,draft-001,Casa en Prudencio Moscoso para renta,"Una casa amplia en Prudencio Moscoso donde la vida al aire libre se vive sin salir de casa. La terraza y el jardín ofrecen espacios para relajarse y disfrutar la naturaleza. Diseñada para la convivencia familiar, es ideal para quienes buscan estabilidad y espacio para todos. A estrenar, con 4 recámaras y 3 baños, se adapta fácilmente a un estilo de vida cotidiano y tranquilo.",592,133,9.7,43.2,0.17,19.64,0.01,19.64,65,False,False
23,draft-002,Departamento en El Cerrillo con seguridad y comodidad,"Este departamento en El Cerrillo ofrece un entorno seguro con acceso controlado para mayor tranquilidad. Diseñado para la vida en conjunto, resuelve el día a día con comodidad y espacioso para parejas o familias que van creciendo. Con seguridad 24 horas y elevador, es una opción de largo plazo que valora la permanencia y la tranquilidad diaria. El condominio aporta un ambiente estable y funcional.",594,127,9.6,9.3,0.16,13.35,0.01,13.35,65,False,False
24,draft-003,Casa en Barrio de Guadalupe con cocina integral,"Esta casa en Barrio de Guadalupe resuelve el día a día con comodidad, ofreciendo espacios amplios y funcionales que se adaptan a la vida cotidiana. Pensada para la convivencia en familia, cuenta con una cocina integral y un cuarto de servicio que facilitan la organización diaria. Con más de 30 años de historia, su construcción original aporta un carácter sólido y duradero, ideal para quienes buscan un hogar con valor de largo plazo.",591,137,9.7,43.6,0.23,19.89,0.01,19.89,73,False,False
25,draft-004,"Departamento en La Isla, listo para habitarse","Este departamento en La Isla es lista para habitarse sin complicaciones, ideal para profesionistas que buscan practicidad. Con un diseño eficiente de 45 m², resuelve el día a día con comodidad. El amueblado y los closets facilitan la instalación y el manejo diario. La vivienda forma parte de un condominio moderno, construido en 2018, con un ambiente de vida en conjunto que promueve el bienestar cotidiano. El roof garden está disponible de pasada.",610,145,9.5,9.4,0.25,15.37,0.01,15.37,73,False,False
26,draft-005,Casa en 31 de Marzo para familia en crecimiento,"Esta casa en 31 de Marzo fue pensada para la convivencia en familia, con espacios claros y funcionales que adaptan bien a las necesidades diarias. Ofrece un ritmo de vida tranquilo, ideal para parejas o familias que van creciendo. Con tres recámaras y dos baños, se garantiza comodidad en el día a día. Construida en 1998, conserva una estructura sólida y adecuada para vivir con tranquilidad.",534,140,9.7,42.8,0.16,19.02,0.01,19.02,66,False,False
27,draft-006,Departamento en Real del Monte con vida al aire libre,"Este departamento en Real del Monte ofrece espacios para disfrutar el aire libre sin salir de casa, con una terraza y un área de juegos infantiles que enriquecen la rutina familiar. Pensado para la convivencia en familia, combina prácticidad con comodidad. Construido en 2023, forma parte de un condominio con una infraestructura sólida que garantiza estabilidad y calidad de vida a largo plazo.",615,123,9.7,42.4,0.17,19.3,0.01,19.3,63,False,False
28,draft-007,"Local Comercial en Centro, Listo para Operar","En Centro, este local comercial ofrece acceso controlado para mayor tranquilidad y seguridad constante gracias al circuito cerrado de televisión. Construido en 2021, está listo para operar y atender clientes diariamente. Ideal para quienes comienzan o crecen su negocio con un espacio funcional y confiable, sin necesidad de reformas iniciales.",592,106,9.6,9.7,0.19,11.24,0.01,11.24,50,False,False
29,draft-001,Casa en Prudencio Moscoso para renta,"Una casa amplia en Prudencio Moscoso diseñada para vivir al aire libre sin salir de casa. La terraza y el jardín ofrecen espacios para relajarse y disfrutar del día. Pensada para la convivencia en familia, permite que todos tengan su espacio y autonomía. A estrenar, con superficie de 200 m² y 4 recámaras, ideal para familias que buscan estabilidad y tranquilidad en su rutina diaria. El gimnasio está disponible de pasada.",592,147,9.7,42.8,0.17,21.24,0.02,21.24,71,False,False
30,draft-002,Departamento en El Cerrillo con seguridad y comodidad,"Vive con tranquilidad en un departamento bien ubicado en El Cerrillo. El acceso controlado garantiza mayor seguridad día a día, mientras que el elevador ofrece comodidad en los desplazamientos. Forma parte de un condominio donde la vida en conjunto se vuelve más sencilla y práctica. Este espacio es ideal para parejas o familias que buscan estabilidad y un estilo de vida prolongado.",594,118,9.6,9.7,0.22,12.43,0.01,12.43,62,False,False
31,draft-003,Casa en Barrio de Guadalupe con espacios para la vida familiar,"Esta casa en Barrio de Guadalupe resuelve el día a día con comodidad, ofreciendo un espacio amplio y práctico para las rutinas diarias. Pensada para la convivencia en familia, sus espacios se adaptan al estilo de vida cotidiano. Con más de 30 años de historia, su construcción de 1965 refleja un carácter sólido y duradero. Contiene cocina integral y cuarto de servicio, elementos clave para el flujo diario y la funcionalidad familiar.",591,148,9.6,42.7,0.2,21.43,0.01,21.43,72,False,False
32,draft-004,"Departamento en La Isla, listo para habitarse","Este departamento en La Isla está listo para habitarse sin complicaciones, ideal para profesionistas que buscan practicidad en su día a día. Con una distribución eficiente de 45 m², resuelve las necesidades cotidianas con comodidad. Amueblado y con closets, ofrece un espacio ordenado y funcional. Forma parte de un condominio moderno con una atención al detalle que enriquece la vida en conjunto.",610,126,9.6,9.2,0.24,13.27,0.01,13.27,62,False,False
33,draft-005,Casa en 31 de Marzo para familia creciendo,"Esta casa en 31 de Marzo está pensada para la convivencia familiar, con espacios que facilitan la vida diaria. Su diseño permite que los miembros de la familia se sientan cómodos y en paz. Un ritmo de vida tranquilo se siente en cada rincón, ideal para quienes buscan estabilidad y espacio para crecer juntos.",534,110,9.7,43.0,0.13,15.77,0.01,15.77,54,False,False
34,draft-006,Departamento en Real del Monte con vida al aire libre,"Este departamento en Real del Monte combina practicidad y tranquilidad para familias que crecen juntas. Disfruta del aire libre sin salir de casa, gracias a la terraza y al área de juegos infantiles, espacios diseñados para momentos de diversión y convivencia. Pensado para la vida en familia, ofrece un entorno cálido y sostenido. Construido en 2023, forma parte de un condominio que refleja calidad y permanencia, ideal para quienes buscan estabilidad y valor a largo plazo.",615,144,9.5,42.4,0.19,21.66,0.01,21.66,76,False,False
35,draft-007,"Local Comercial en Centro, Listo para Operar","En Centro, este local comercial ofrece acceso controlado para mayor tranquilidad y seguridad constante gracias al Circuito Cerrado de Televisión. Es un espacio listo para operar, ideal para quienes desean comenzar o desarrollar su negocio con tranquilidad. Construido en 2021, cuenta con los elementos para atender clientes de forma eficiente y cómoda.",592,105,9.5,9.6,0.18,11.23,0.01,11.23,52,False,False
36,draft-001,Casa en Prudencio Moscoso para renta,"En Prudencio Moscoso, esta casa ofrece espacios para disfrutar el aire libre sin salir de casa, con una terraza y jardín donde relajarse y compartir momentos cotidianos. Diseñada para la convivencia en familia, permite que cada miembro del hogar tenga su espacio y ritmo. A estrenar, con superficie amplia y recámaras para todo el equipo familiar. El gimnasio está disponible como complemento para momentos de actividad en casa.",592,134,9.6,42.2,0.19,20.11,0.01,20.11,68,False,False
37,draft-002,Departamento en El Cerrillo con seguridad y comodidad,"Este departamento en El Cerrillo ofrece tranquilidad gracias a su acceso controlado y seguridad 24 horas. Diseñado para la vida en conjunto, resuelve el día a día con comodidad para parejas y familias que van creciendo. Contó con elevador para mayor accesibilidad y forma parte de un condominio con espacios comunes. La presencia de alberca se menciona como un detalle secundario.",594,121,9.5,7.4,0.23,12.91,0.01,12.91,61,False,False
38,draft-003,Casa en Barrio de Guadalupe con práctica y espacio para la familia,"Esta casa de más de 30 años en Barrio de Guadalupe resuelve el día a día con comodidad, ofreciendo espacios amplios y una estructura pensada para la convivencia en familia. La cocina integral y el cuarto de servicio aportan funcionalidad, facilitando la rutina diaria. Con un diseño que respeta la historia de la vivienda, es un espacio de permanencia y valor a largo plazo para quienes buscan estabilidad en su vida cotidiana.",591,141,9.5,9.6,0.21,15.0,0.01,15.0,72,False,False
39,draft-004,Departamento amueblado en La Isla,"Listo para habitarse sin complicaciones, este departamento ofrece una práctica solución para quienes buscan comenzar o continuar su vida diaria con comodidad. Con 45 m² y una recámara, el espacio es eficiente y bien distribuido. La cocina y dormitorio cuentan con closets, facilitando la organización de objetos diarios. Forma parte de un condominio moderno, donde la convivencia es sencilla y el día a día se maneja con facilidad. El roof garden está disponible de paso, pero lo que realmente marca la diferencia es el estado amueblado y la organización interna del espacio.",610,158,9.5,9.7,0.24,16.88,0.01,16.88,92,False,False
40,draft-005,Casa en 31 de Marzo para familia en crecimiento,"Diseñada para la convivencia familiar, esta casa ofrece espacios claros y funcionales que adaptan bien al crecimiento de parejas o familias. Con un ritmo de vida tranquilo, se vive con comodidad y equilibrio. Ideal para quienes buscan un hogar estable y cercano a la rutina diaria.",534,102,9.6,42.4,0.17,15.08,0.01,15.08,46,False,False
41,draft-006,Departamento en Real del Monte con espacios para disfrutar,"Vive una vida en familia en un departamento recién construido en Real del Monte, pensado para la convivencia diaria. Disfruta del aire libre sin salir de casa, con una terraza y un área de juegos infantiles que invitan a momentos juntos. El espacio está diseñado para crecer con tu familia, en un ambiente de tranquilidad y compartir. Forma parte de un condominio moderno y con amenidades como sala de cine, garantizando comodidad y un valor estable a largo plazo.",615,138,9.5,42.3,0.23,21.12,0.01,21.12,79,False,False
42,draft-007,"Local Comercial en Centro, Listo para Operar","En Centro, este local comercial ofrece acceso controlado para mayor tranquilidad y seguridad constante gracias al circuito cerrado de televisión. Es un espacio recientemente construido, listo para atender clientes y comenzar o desarrollar tu propio negocio con comodidad. El entorno es funcional y pensado para la operación diaria, ideal para quienes buscan establecerse en un ambiente seguro y accesible.",592,114,9.5,9.2,0.19,12.14,0.01,12.14,59,False,False
43,draft-001,Casa en Prudencio Moscoso para renta,"Una casa amplia y recién construida en Prudencio Moscoso, ideal para familias que buscan espacios para disfrutar el aire libre sin salir de casa. La terraza y el jardín ofrecen momentos de tranquilidad y convivencia al aire libre. Diseñada para la vida diaria, permite que todos los miembros de la familia tengan su espacio y rutina. A estrenar, con superficie de 200 m² y cuatro recámaras, ideal para una convivencia cómoda y cercana.",592,148,9.4,42.5,0.17,21.8,0.01,21.8,73,False,False
44,draft-002,Departamento en El Cerrillo con seguridad y comodidad,"Este departamento en El Cerrillo ofrece tranquilidad con acceso controlado para mayor seguridad 24 horas. Diseñado para la vida en conjunto, resuelve el día a día con comodidad, ideal para parejas o familias que van creciendo. Contempla un elevador para mayor movilidad y acceso. La vivienda, parte de un condominio, combina practicidad y permanencia, construida en 2010 y con un área de 85 m² distribuida en dos recámaras y un baño.",594,146,9.5,9.6,0.18,15.57,0.01,15.57,71,False,False
45,draft-003,Casa en Barrio de Guadalupe con espacios para la vida familiar,"Esta casa, construida en 1965, cuenta con una superficie amplia que resuelve el día a día con comodidad. Pensada para la convivencia en familia, ofrece espacios bien definidos que favorecen el tiempo en común. Con cocina integral y un cuarto de servicio, el día a día se organiza con facilidad. Más de 30 años de historia en la colonia aportan un carácter de permanencia y estabilidad, ideal para quienes buscan un hogar con valor a largo plazo.",591,147,9.5,9.5,0.17,15.68,0.01,15.69,77,False,False
46,draft-004,Departamento amueblado en La Isla,"Listo para habitarse sin complicaciones, este departamento en La Isla ofrece una vida sencilla y práctica. Diseñado para profesionistas que valoran la comodidad, resuelve el día a día con eficiencia y espacio adecuado. Amueblado y con closets, es ideal para comenzar una rutina tranquila. Construido en 2018, forma parte de un condominio con acceso a un roof garden, para momentos de descanso en conjunto.",610,130,9.5,9.5,0.18,13.93,0.01,13.93,64,False,False
47,draft-005,Casa en 31 de Marzo para familia creciendo,"Pensada para la convivencia en familia, esta casa ofrece un espacio acogedor y funcional para parejas o familias que van creciendo. Con tres recámaras y dos baños, los espacios permiten una vida diaria cómoda y equilibrada. La vivienda cuenta con un ritmo de vida tranquilo, ideal para quienes buscan estabilidad y paz en su rutina cotidiana.",534,121,9.6,42.2,0.13,17.13,0.01,17.13,56,False,False
48,draft-006,Departamento en Real del Monte con estilo para crecer,"Disfruta del aire libre sin salir de casa, con espacios pensados para desconectar y relajarse en la terraza y el área de juegos infantiles. El departamento es ideal para familias que van creciendo, diseñado para la convivencia en conjunto. Construido en 2023, forma parte de un condominio con condiciones modernas y una estructura sólida que garantiza valor a largo plazo.",615,119,9.5,42.1,0.23,19.07,0.01,19.07,60,False,False
49,draft-007,"Local Comercial en Centro, Listo para Iniciar","En Centro, un local comercial recién construido desde 2021 ofrece seguridad y tranquilidad gracias a acceso controlado y circuito cerrado de seguridad. Ideal para quienes buscan comenzar o crecer su negocio, está diseñado para operar con comodidad y eficiencia. El espacio es funcional y listo para atender clientes, con un ambiente estable y adecuado para el día a día de cualquier emprendimiento.",592,119,9.5,8.9,0.2,12.67,0.01,12.67,62,False,False
50,draft-001,Casa en Prudencio Moscoso para renta,"Una casa amplia y recién construida en Prudencio Moscoso, ideal para familias que buscan espacios para disfrutar el aire libre sin salir de casa. La terraza y el jardín ofrecen momentos de tranquilidad y convivencia al aire libre. Diseñada para la vida diaria y la convivencia en familia, es un hogar donde cada miembro encuentra su espacio. A estrenar, con superficie de 200 m² y cuatro recámaras, pensada para vivir con libertad y comodidad.",592,150,9.5,42.4,0.17,21.88,0.01,21.88,74,False,False
51,draft-002,Departamento en El Cerrillo con tranquilidad y comodidad,"Este departamento en El Cerrillo ofrece un entorno seguro con acceso controlado para mayor tranquilidad. La vivienda resuelve el día a día con comodidad, ideal para parejas o familias que van creciendo. Con seguridad 24 horas y elevador, la vida en conjunto se vuelve más sencilla y cómoda. El condominio aporta un aire de comunidad y estabilidad, mientras que la alberca se menciona de pasada como una característica complementaria.",594,136,9.5,9.7,0.16,14.45,0.01,14.45,69,False,False
52,draft-003,Casa en Barrio de Guadalupe con espacios para la familia,"Esta casa de más de 30 años ofrece practicidad para resolver el día a día con comodidad. Diseñada para la convivencia familiar, sus espacios permiten que cada miembro de la casa encuentre su lugar. Con cocina integral y un cuarto de servicio, se prioriza la funcionalidad y el equilibrio en la vida cotidiana. Su superficie amplia y antigüedad le dan un carácter sólido, ideal para familias que buscan estabilidad y espacio para vivir juntas.",591,144,9.5,9.7,0.23,15.34,0.01,15.34,74,False,False
53,draft-004,Departamento amueblado en La Isla,"Listo para habitarse sin complicaciones, este departamento ofrece una vida diaria sencilla y práctica. Diseñado para profesionistas que valoran la comodidad, resuelve el día a día con eficiencia en un espacio compacto y bien organizado. Contiene closets para guardar con facilidad y está amueblado para comenzar a vivir inmediatamente. El ambiente se mantiene limpio y ordenado, ideal para quienes priorizan la practicidad en su rutina diaria. El roof garden está disponible como aporte en el conjunto.",610,147,9.5,9.6,0.18,15.65,0.01,15.65,76,False,False
54,draft-005,Casa en 31 de Marzo para familia en crecimiento,"Esta casa en 31 de Marzo fue diseñada para la convivencia familiar, con espacios suficientes para crecer juntos. Ofrece un ritmo de vida tranquilo, ideal para parejas o familias que buscan estabilidad y comodidad en su día a día. Con tres recámaras y dos baños, es un hogar práctico y cercano para quienes valoran la tranquilidad y la vida diaria en armonía.",534,129,9.6,41.2,0.13,18.05,0.01,18.05,62,False,False
55,draft-006,Departamento en Real del Monte con espacios al aire libre,"Vive en un departamento recién construido en Real del Monte, diseñado para familias que valoran la práctica y la convivencia. Disfruta de espacios al aire libre sin salir de casa, con una terraza y un área de juegos infantiles que invitan a vivir con más libertad. Pensado para crecer contigo, este departamento forma parte de un condominio con todas las comodidades que la vida en conjunto ofrece. Su construcción reciente asegura un valor sólido para el largo plazo.",615,139,9.5,41.8,0.17,21.25,0.01,21.25,78,False,False
56,draft-007,Local Comercial en Centro con Seguridad y Funcionalidad,"En Centro, este local comercial recién construido desde 2021 ofrece un entorno seguro gracias al acceso controlado y al circuito cerrado de televisión, que garantiza tranquilidad para quienes comienzan o crecen su negocio. Está listo para operar y facilita la atención diaria de clientes. Aire acondicionado disponible para comodidad, ideal para emprendimientos que buscan un espacio funcional y accesible desde el inicio.",592,125,9.5,8.5,0.19,13.32,0.01,13.32,62,False,False
57,draft-001,Casa en Prudencio Moscoso para vivir al aire libre,"En Prudencio Moscoso, esta casa a estrenar ofrece espacios amplios para disfrutar el aire libre sin salir de casa. La terraza y el jardín invitan a relajarse y conectar con la naturaleza. Diseñada para la convivencia familiar, es ideal para quienes buscan un hogar con independencia y tranquilidad. La vivienda cuenta con recámaras para cada miembro de la familia, todo en un ambiente moderno y cómodo.",592,135,9.5,41.9,0.17,20.39,0.01,20.39,66,False,False
58,draft-002,Departamento en El Cerrillo con seguridad y comodidad,"Este departamento en El Cerrillo ofrece tranquilidad con acceso controlado para mayor seguridad 24 horas. Diseñado para la vida en conjunto, resuelve el día a día con comodidad, ideal para parejas o familias que van creciendo. Con elevador y ubicación en condominio, el espacio combina práctica y permanencia, ofreciendo un valor estable a largo plazo. La alberca se encuentra disponible por referencias de uso compartido.",594,127,9.5,9.4,0.17,13.56,0.01,13.56,65,False,False
59,draft-003,Casa en Barrio de Guadalupe con cocina integral,"Esta casa en Barrio de Guadalupe resuelve el día a día con comodidad, ofreciendo un espacio amplio y práctico para la vida cotidiana. Pensada para la convivencia en familia, cuenta con cocina integral y cuarto de servicio que facilitan la organización de tareas diarias. Con más de 30 años de historia, su estructura refleja una permanencia estable y un valor de largo plazo, ideal para quienes buscan un hogar donde la familia se sienta cómoda y en casa.",591,145,9.4,9.7,0.16,15.56,0.01,15.56,78,False,False
60,draft-004,Departamento amueblado en La Isla,"Este departamento está listo para habitarse sin complicaciones, ideal para profesionistas que buscan practicidad. Resuelve el día a día con comodidad, gracias a su diseño eficiente y espacio bien organizado. Cuenta con closets para guardar con facilidad y es un espacio amueblado que ya está listo para usar. Forma parte de un condominio moderno, con acceso a un roof garden que permite disfrutar de momentos en el aire libre. Construido en 2018, combina reciente antigüedad con un estilo de vida sencillo y cómodo.",610,152,9.5,9.6,0.18,16.21,0.01,16.21,83,False,False
61,draft-005,Casa en 31 de Marzo para familias creciendo,"Esta casa en 31 de Marzo fue pensada para la convivencia familiar, con espacios claros y distribuidos que ayudan a vivir con comodidad día a día. Un ritmo de vida tranquilo domina sus rincones, ideal para parejas o familias que van creciendo. Con tres recámaras y dos baños, ofrece un hogar estable y cercano a la rutina cotidiana.",534,124,9.0,42.4,0.12,18.28,0.01,18.28,58,False,False
62,draft-006,Departamento en Real del Monte con vida al aire libre,"Este departamento en Real del Monte ofrece espacios para disfrutar el aire libre sin salir de casa, con una terraza ideal para relajarse y compartir momentos con la familia. Diseñado pensado para la convivencia en familia, promueve un estilo de vida equilibrado y cercano. Forma parte de un condominio recién construido, con años de antigüedad, y cuenta con área de juegos infantiles para que los pequeños tengan su espacio. También dispone de sala de cine y otros servicios comunes para la tranquilidad diaria.",615,146,9.6,41.8,0.18,21.89,0.01,21.89,83,False,False
63,draft-007,"Local Comercial en Centro, Listo para Operar","En Centro, este local comercial cuenta con acceso controlado para mayor tranquilidad y circuito cerrado de seguridad, ofreciendo un entorno estable y protegido. Construido en 2021, es un espacio listo para operar y ideal para quien comienza o desarrolla su negocio. La funcionalidad y la ubicación facilitan el día a día de atender clientes y gestionar operaciones de forma efectiva.",592,116,9.6,9.7,0.25,12.25,0.01,12.25,60,False,False
64,draft-001,Casa en Prudencio Moscoso para renta,"Una casa amplia en Prudencio Moscoso diseñada para disfrutar el aire libre sin salir de casa. La terraza y el jardín ofrecen espacios tranquilos para relajarse o compartir momentos en familia. Construida a estrenar, la vivienda es ideal para quienes buscan independencia y un hogar donde la convivencia familiar se siente natural y cómoda. El gimnasio está disponible de pasada para quien desee mantenerse activo.",592,131,9.6,42.7,0.18,19.7,0.01,19.7,65,False,False
65,draft-002,Departamento en El Cerrillo con seguridad y comodidad,"Este departamento en El Cerrillo ofrece tranquilidad con acceso controlado para mayor seguridad 24 horas. Diseñado para la vida en conjunto, resuelve el día a día con comodidad, ideal para parejas o familias que van creciendo. Con elevador y ubicado en un condominio, combina practicidad y estabilidad para un futuro seguro. La alberca se menciona como detalle secundario del entorno.",594,123,9.6,9.7,0.22,13.03,0.01,13.03,60,False,False
66,draft-003,Casa en Barrio de Guadalupe con cocina integral,"Esta casa en Barrio de Guadalupe resuelve el día a día con comodidad, ofreciendo espacios amplios y un carácter que ha evolucionado por más de 30 años. Pensada para la convivencia en familia, cuenta con cocina integral y un cuarto de servicio que facilitan la vida cotidiana. Su estructura sólida y su diseño funcional reflejan una permanencia en el hogar que trasciende el tiempo.",591,128,9.6,9.7,0.16,13.45,0.01,13.45,64,False,False
67,draft-004,Departamento amueblado en La Isla,"Este departamento está listo para habitarse sin complicaciones, ideal para profesionistas que buscan practicidad. Con espacio compacto y bien distribuido, resuelve el día a día con comodidad. Amueblado y con closets, ofrece una vida diaria sencilla y cómoda. Forma parte de un condominio moderno, con acceso al Roof Garden que se puede disfrutar de manera ocasional.",610,115,9.6,9.5,0.18,12.14,0.01,12.14,56,False,False
68,draft-005,Casa en 31 de Marzo para familia en crecimiento,"Esta casa en 31 de Marzo fue diseñada para la convivencia familiar, ofreciendo espacios amplios y organizados que encajan bien con el día a día de parejas o familias que van creciendo. Con una estructura sólida y un ritmo de vida tranquilo, es ideal para quienes buscan estabilidad y comodidad en su rutina cotidiana. La vivienda cuenta con tres recámaras y dos baños, perfecta para una vida en armonía con el entorno.",534,143,9.6,42.8,0.13,19.24,0.01,19.24,72,False,False
69,draft-006,Departamento en Real del Monte con vida al aire libre,"Este departamento en Real del Monte ofrece espacios para disfrutar el aire libre sin salir de casa, con una terraza y un área de juegos infantiles que enriquecen la vida diaria. Diseñado para la convivencia en familia, fomenta el tiempo compartido y la tranquilidad de vivir en un entorno cálido y respetuoso. Construido en 2023, forma parte de un condominio que refleja el valor de la permanencia y el crecimiento familiar.",615,134,9.6,9.8,0.22,14.11,0.01,14.11,71,False,False
70,draft-007,"Local Comercial en Centro, Listo para Operar","En Centro, este local comercial ofrece acceso controlado para mayor tranquilidad y seguridad. Construido en 2021, es un espacio listo para operar y atender clientes desde el día uno. Conta con circuito cerrado de televisión que refuerza la protección del lugar. El ambiente es funcional y pensado para quienes comienzan o crecen su negocio con confianza.",592,110,9.6,9.8,0.26,11.6,0.01,11.6,56,False,False
71,draft-001,Casa en Prudencio Moscoso para vivir al aire libre,"Una casa amplia en Prudencio Moscoso pensada para familias que buscan espacios para disfrutar el aire libre sin salir de casa. La terraza y el jardín ofrecen momentos de relajación y convivencia diaria. Ideal para quienes valoran la independencia y la tranquilidad en su vida cotidiana. A estrenar, con recámaras para cada miembro de la familia.",592,122,9.7,42.8,0.22,18.37,0.01,18.37,56,False,False
72,draft-002,Departamento en El Cerrillo con seguridad y comodidad,"Este departamento en El Cerrillo ofrece tranquilidad gracias a su acceso controlado y seguridad las 24 horas. Diseñado para la vida diaria, resuelve con comodidad las necesidades de una familia en crecimiento. Ubicado en un condominio, cuenta con ascensor para mayor facilidad de movimiento. La seguridad y la practicidad hacen de este espacio una opción estable y duradera.",594,114,9.6,8.5,0.22,12.1,0.02,12.1,58,False,False
73,draft-003,Casa en Barrio de Guadalupe con práctica y espacio para la familia,"Esta casa en Barrio de Guadalupe ofrece un espacio amplio y práctico que resuelve el día a día con comodidad. Con una superficie de 320 m² y cinco recámaras, está pensada para la convivencia en familia, donde cada espacio tiene su función. Su historia de más de 30 años da un toque de permanencia y valor, reflejando una vida construida con cuidado. La cocina integral y el cuarto de servicio aportan funcionalidad real al hogar cotidiano.",591,152,9.6,9.7,0.2,16.01,0.01,16.01,76,False,False
74,draft-004,"Departamento en La Isla, listo para habitarse","Este departamento en La Isla es lista para habitarse sin complicaciones, ideal para quienes buscan practicidad en su día a día. Con espacio compacto y eficiente, resuelve las necesidades cotidianas con comodidad. Amueblado y con closets, ofrece un nivel de organización que facilita la vida en conjunto. El roof garden se destaca como un toque de bienestar, aunque el enfoque principal está en la simplicidad y la funcionalidad de su entorno.",610,133,9.6,9.7,0.23,14.06,0.01,14.06,71,False,False
75,draft-005,Casa en 31 de Marzo para familia en crecimiento,"Esta casa en 31 de Marzo está pensada para la convivencia en familia, con espacios amplios y distribuidos que facilitan el día a día. El ambiente es tranquilo y se adapta bien a las necesidades de parejas o familias que van creciendo. La vivienda ofrece una sensación de independencia y calma, ideal para quienes buscan un hogar estable y cómodo para vivir en comunidad con sus seres queridos.",534,129,9.6,42.8,0.17,17.77,0.01,17.77,68,False,False
76,draft-006,Departamento en Real del Monte con estilo y convivencia,"Vive en un departamento recién construido en Real del Monte, diseñado para disfrutar el aire libre sin salir de casa. La terraza y el área de juegos infantiles ofrecen espacios para momentos de familia y juego. Pensado para parejas y familias que crecen juntas, este hogar fomenta la convivencia diaria y la tranquilidad de vida en conjunto. Forma parte de un condominio moderno y está en un edificio de reciente construcción, asegurando calidad y permanencia.",615,138,9.6,42.2,0.25,21.01,0.01,21.01,75,False,False
77,draft-007,"Local Comercial en Centro, Listo para Operar","En Centro, este local comercial ofrece acceso controlado para mayor tranquilidad y seguridad. Con circuito cerrado de vigilancia, se garantiza un ambiente seguro para atender clientes. Construido en 2021, es un espacio listo para operar y adecuado para quienes desean iniciar o crecer su negocio con comodidad y confianza.",592,102,9.6,9.1,0.2,10.78,0.01,10.78,49,False,False
78,draft-001,Casa en Prudencio Moscoso para renta,"Una casa amplia en Prudencio Moscoso, a estrenar, donde la vida al aire libre se vive sin salir de casa. La terraza y el jardín invitan a disfrutar el día con comidas al aire libre o momentos de tranquilidad. Diseñada para la convivencia familiar, cada recámara cuenta con espacio propio para vivir con tranquilidad y bienestar. El gimnasio está disponible para quienes desean mantener la actividad física en casa.",592,129,9.6,42.4,0.17,19.45,0.01,19.45,69,False,False
79,draft-002,Departamento en El Cerrillo con seguridad y comodidad,"Este departamento en El Cerrillo ofrece tranquilidad con acceso controlado para mayor seguridad 24 horas. Diseñado para la vida diaria, resuelve el día a día con comodidad y espacio adecuado para parejas o familias que van creciendo. Ubicado en un condominio con elevador, facilita el desplazamiento y la vida en conjunto. La presencia de seguridad y elevador refleja un valor estable de largo plazo.",594,129,9.6,9.7,0.17,13.58,0.01,13.58,64,False,False
80,draft-003,Casa en Barrio de Guadalupe con practicidad y convivencia,"Esta casa en Barrio de Guadalupe resuelve el día a día con comodidad, ofreciendo espacios amplios y una estructura que ha sobrevivido más de 30 años. Pensada para la convivencia en familia, cuenta con cocina integral y un cuarto de servicio que facilitan la vida cotidiana. Su antigüedad refleja un carácter sólido y una estabilidad que aporta valor a largo plazo.",591,131,9.6,9.3,0.17,13.89,0.01,13.89,61,False,False
81,draft-004,Departamento amueblado en La Isla,"Listo para habitarse sin complicaciones, este departamento en La Isla ofrece una vida diaria sencilla y practica. Con espacio compacto y eficiente, resuelve el día a día con comodidad. Amueblado y con closets, está ideal para profesionistas que valoran la facilidad de instalarse. Parte de un condominio reciente, construido en 2018, donde el estilo de vida se enfoca en lo real y funcional. El roof garden está disponible de pasada.",610,137,9.6,9.0,0.19,14.44,0.01,14.44,70,False,False
82,draft-005,Casa en 31 de Marzo para familias creciendo,"Esta casa en 31 de Marzo fue pensada para la convivencia familiar, con espacios claros y comunes que facilitan la vida diaria. La tranquilidad del entorno ofrece un ritmo de vida tranquilo, ideal para parejas o familias que van creciendo. Con tres recámaras y dos baños, se adapta a la necesidad de espacio y comodidad en el desarrollo de una vida en común.",534,125,9.6,42.5,0.13,17.44,0.01,17.44,63,False,False
83,draft-006,Departamento en Real del Monte con vida al aire libre,"Vive en un departamento recién construido en Real del Monte, pensado para familias que valoran la practicidad y la convivencia diaria. Disfruta del aire libre sin salir de casa, con una terraza y un área de juegos infantiles que invitan a momentos de conexión y diversión. El diseño contempla el crecimiento familiar, ideal para parejas y niños que buscan estabilidad y calidad de vida en un entorno de proximidad. Parte de un condominio moderno, con construcción de solo tres años de antigüedad.",615,146,9.6,42.0,0.18,21.89,0.01,21.89,82,False,False
84,draft-007,"Local Comercial en Centro, Listo para Operar","En Centro, este local comercial cuenta con acceso controlado para mayor tranquilidad y circuito cerrado de seguridad que protege el espacio diario. Es un espacio listo para operar, ideal para quienes inician o crecen su negocio con un punto de encuentro estable. Construido en 2021, ofrece una base funcional y segura para atender a clientes con comodidad.",592,109,9.6,9.7,0.2,11.54,0.01,11.54,57,False,False
85,draft-001,Casa en Prudencio Moscoso para renta,"Una casa amplia y a estrenar en la colonia Prudencio Moscoso, ideal para familias que buscan espacio y tranquilidad. Espacios para disfrutar el aire libre sin salir de casa, con terraza y jardín que invitan a relajarse. Diseñada para la convivencia en familia, con áreas claras y funcionales que facilitan la vida diaria. Disponible para instalarse desde el inicio.",592,123,9.6,42.4,0.19,18.81,0.01,18.81,59,False,False
86,draft-002,Departamento en El Cerrillo con tranquilidad y comodidad,"Este departamento en El Cerrillo ofrece un ambiente seguro gracias a acceso controlado para mayor tranquilidad. Diseñado para la vida en conjunto, resuelve el día a día con comodidad, ideal para parejas o familias que van creciendo. Con seguridad 24 horas y elevador, el living cotidiano se vuelve más sencillo. El condominio aporta un valor estable de largo plazo, mientras que la alberca se menciona como un detalle adicional.",594,135,9.6,9.8,0.17,14.22,0.01,14.22,69,False,False
87,draft-003,Casa en Barrio de Guadalupe con cocina integral,"Esta casa en Barrio de Guadalupe ofrece un espacio amplio y práctico que resuelve el día a día con comodidad. Pensada para la convivencia en familia, sus espacios permiten una vida cotidiana equilibrada y estable. Con más de 30 años de historia, combina antigüedad con funcionalidad. La cocina integral y el cuarto de servicio aportan un valor constante para el uso diario y la organización familiar.",591,131,9.6,9.3,0.17,13.81,0.01,13.81,66,False,False
88,draft-004,Departamento amueblado y práctico en La Isla,"Listo para habitarse sin complicaciones, este departamento en La Isla ofrece una vida sencilla y equilibrada. Diseñado para la practicidad, resuelve el día a día con comodidad. Con una reciente construcción y un espacio compacto, se enfoca en lo esencial. Amueblado y con closets, el lugar facilita la instalación para profesionistas que buscan estabilidad y tranquilidad en su rutina diaria. El roof garden forma parte del entorno, aunque no es el foco principal.",610,145,9.6,8.1,0.23,15.36,0.01,15.36,73,False,False
89,draft-005,Casa en 31 de Marzo para familia en crecimiento,"Pensada para la convivencia en familia, esta casa ofrece espacios amplios y funcionales que adaptan bien a las necesidades diarias de parejas y niños. Con un ritmo de vida tranquilo, se vive con comodidad y equilibrio, ideal para quienes buscan un hogar estable y cercano a sus rutinas cotidianas.",534,105,9.7,41.6,0.13,15.4,0.01,15.4,49,False,False
90,draft-006,Departamento en Real del Monte con espacios para vivir en familia,"Este departamento en Real del Monte ofrece espacios para disfrutar el aire libre sin salir de casa, con una terraza y un área de juegos infantiles que enriquecen el día a día. Diseñado para la convivencia familiar, es ideal para parejas o familias que van creciendo. Construido en 2023, forma parte de un condominio moderno y cuenta con una sala de cine para momentos de ocio. La vivienda es práctica, segura y pensada para una permanencia a largo plazo.",615,143,9.5,42.1,0.26,21.61,0.01,21.61,79,False,False
91,draft-007,"Local Comercial en Centro, Listo para Operar","En Centro, este local comercial ofrece acceso controlado para mayor tranquilidad y seguridad. Con construcción reciente de 2021, está listo para operar y atender clientes de forma eficiente. Contiene circuito cerrado de televisión para fortalecer el control de seguridad. El espacio es funcional y práctico para quienes comienzan o crecen su negocio con confianza.",592,110,9.5,9.6,0.19,11.79,0.01,11.79,54,False,False
92,draft-001,Casa en Prudencio Moscoso para renta,"Una casa amplia en Prudencio Moscoso donde el aire libre se vive día a día. Espacios para disfrutar el aire sin salir de casa, con terraza y jardín que invitan a relajarse y compartir momentos al sol. Pensada para la convivencia familiar, ideal para quienes buscan un hogar estable y cómodo para todos. A estrenar, con recámaras y baños completos, para una vida cotidiana sencilla y equilibrada.",592,136,9.5,42.1,0.23,20.39,0.01,20.39,67,False,False
93,draft-002,Departamento en El Cerrillo con seguridad y comodidad,"Vive con tranquilidad en un departamento ubicado en El Cerrillo, donde el acceso controlado ofrece mayor seguridad todo el día. El diseño resuelve el día a día con comodidad para parejas o familias que van creciendo. Forma parte de un condominio con elevador para acceso fácil, garantizando un estilo de vida estable y duradero. La presencia de seguridad 24 horas aporta tranquilidad diaria, ideal para quienes buscan permanencia y valor a largo plazo.",594,136,9.5,9.6,0.17,14.53,0.01,14.53,73,False,False
94,draft-003,Casa en Barrio de Guadalupe con espacios para familia,"Esta casa en Barrio de Guadalupe resuelve el día a día con comodidad, ofreciendo un entorno amplio y funcional desde su concepción. Pensada para la convivencia en familia, cuenta con una cocina integral y un cuarto de servicio que facilitan la vida cotidiana. Con más de 30 años de historia, su estructura refleja un carácter de permanencia y estabilidad, ideal para quienes buscan un espacio duradero y real para vivir juntos.",591,137,9.5,9.7,0.17,14.65,0.01,14.65,71,False,False
95,draft-004,Departamento amueblado en La Isla,"Listo para habitarse sin complicaciones, este departamento ofrece una vida diaria sencilla y práctica. Con espacio compacto y bien organizado, resuelve el día a día con comodidad. Disponible para profesionistas que buscan estabilidad y facilidad. Equipado con closets y amueblado, el hogar está listo para empezar. El edificio cuenta con roof garden, aunque es una característica secundaria del entorno.",610,121,9.4,9.6,0.18,13.0,0.01,13.0,59,False,False
96,draft-005,Casa en 31 de Marzo para familia en crecimiento,"Diseñada para la convivencia familiar, esta casa ofrece espacios amplios y cómodos para el día a día. Con un ritmo de vida tranquilo, es ideal para parejas o familias que buscan estabilidad y un hogar donde la vida cotidiana fluya sin ruido. La estructura tiene tres recámaras y dos baños, cumpliendo con las necesidades de un entorno familiar en desarrollo.",534,122,9.6,42.3,0.14,17.21,0.01,17.21,60,False,False
97,draft-006,Departamento en Real del Monte con vida al aire libre,"Este departamento en Real del Monte ofrece espacios para disfrutar el aire libre sin salir de casa, con una terraza ideal para relajarse y compartir momentos en familia. Pensado para la convivencia familiar, su diseño favorece el tiempo en común y la tranquilidad diaria. Construido en 2023, forma parte de un condominio con acceso a una sala de cine y área de juegos infantiles, garantizando un estilo de vida estable y de largo plazo.",615,128,9.5,41.7,0.22,20.09,0.01,20.09,74,False,False
98,draft-007,"Local Comercial en Centro, Listo para Operar","En Centro, un local comercial recién construido desde 2021 ofrece seguridad y tranquilidad con acceso controlado y circuito cerrado de televisión. Ideal para quienes comienzan o amplían su negocio, este espacio está diseñado para atender clientes de forma eficiente y sencilla. Listo para instalar operaciones comerciales desde el primer día.",592,103,9.5,9.6,0.25,11.01,0.01,11.01,50,False,False
99,draft-001,Casa en Prudencio Moscoso para renta,"Una casa amplia en Prudencio Moscoso diseñada para disfrutar el aire libre sin salir de casa. La terraza y el jardín ofrecen espacios para relajarse y compartir momentos al aire libre. Pensada para la convivencia familiar, ideal para quienes buscan estabilidad y espacio para todos. A estrenar, con recámaras y baños completos, para vivir con tranquilidad y autonomía.",592,122,9.5,41.5,0.17,18.99,0.01,18.99,58,False,False
100,draft-002,Departamento en El Cerrillo con seguridad y practicidad,"Este departamento en El Cerrillo ofrece tranquilidad con acceso controlado para mayor tranquilidad. Forma parte de un condominio donde la vida en conjunto se vive con comodidad y armonía. Resuelve el día a día con practicidad, ideal para parejas o familias que van creciendo. Contiene seguridad 24 horas y elevador para mayor conveniencia. La presencia de alberca se menciona brevemente como parte del entorno.",594,129,9.5,9.7,0.17,13.76,0.01,13.76,64,False,False
