inferencia,draft_id,titulo,descripcion,tokens_prompt,tokens_salida,tokens_total,tok_s_generacion,t_parseo_ms,t_grafo_ms,t_llm_s,t_salida_ms,t_total_s,n_palabras,menciona_precio,menciona_contacto,ram_gb
1,draft-001,Casa en Prudencio Moscoso para vivir bien,"Esta casa de 200 m² en la colonia Prudencio Moscoso ofrece espacios amplios y una vida diaria equilibrada. Con cuatro recámaras y tres baños, es ideal para familias que buscan independencia y comodidad. La terraza permite disfrutar el aire libre sin salir de casa, mientras el gimnasio facilita una rutina activa y saludable. A estrenar, cuenta con diseño moderno y funcionalidad para vivir con tranquilidad.",705,136,841,4.0,0.01,0.06,34.22,0.02,34.22,65,False,False,5.16
2,draft-002,Departamento en El Cerrillo con alberca y seguridad,"Ubicado en un condominio con alberca para una rutina activa y saludable, ideal para la convivencia en familia. Ofrece comodidad con dos recámaras y un baño, todo en un espacio práctico y pensado para quienes buscan estabilidad y bienestar. La seguridad 24 horas aporta tranquilidad, y el ascensor facilita el día a día. El edificio cuenta con un ambiente de vida en conjunto.",683,124,807,5.5,0.01,0.05,22.69,0.02,22.69,63,False,False,5.17
3,draft-003,Casa amplia en Barrio de Guadalupe,"Esta casa en Barrio de Guadalupe cuenta con una superficie amplia y un carácter marcado por más de 30 años de historia. Se construyó en 1965 y ofrece cinco recámaras, tres baños y dos estacionamientos. El patio permite disfrutar el aire libre sin salir de casa, mientras que el cuarto de servicio resuelve el día a día con comodidad. Es un espacio diseñado para la vida familiar y la independencia diaria.",713,128,841,5.2,0.01,0.04,24.67,0.03,24.67,71,False,False,5.17
4,draft-004,Departamento práctico en La Isla,"Ubicado en un condominio reciente, este departamento ofrece un espacio compacto y eficiente para quien valora la practicidad diaria. Contiene una recámara y un baño, ideal para profesionistas que buscan una vida en conjunto sin sobrecarga. Disfruta del aire libre gracias al roof garden, un espacio para desconectar y respirar sin salir de casa. La vivienda está en una colonia bien gestionada con áreas comunes para el día a día.",679,122,801,5.5,0.01,0.05,22.24,0.02,22.24,70,False,False,5.17
5,draft-005,Casa en 31 de Marzo para vivir día a día,"Esta casa en 31 de Marzo ofrece un espacio familiar cómodo y auténtico. Con tres recámaras y dos baños, es ideal para quienes buscan un hogar donde la vida cotidiana fluya con facilidad. Construida en 1998, combina estabilidad con un diseño funcional. Disponible para renta, permite integrarse sin compromisos.",614,110,724,5.8,0.01,0.02,19.02,0.02,19.02,49,False,False,5.17
6,draft-006,Departamento en Real del Monte con estilo de vida moderno,"Ubicado en un condominio reciente de 2023, este departamento ofrece practicidad y comodidad para parejas o familias que van creciendo. Con tres recámaras y dos baños, cuenta con un espacio para disfrutar el aire libre en su terraza. La vivienda cuenta también con sala de cine y ludoteca para momentos de relajación y entretenimiento en comunidad.",681,112,793,4.6,0.01,0.04,24.57,0.02,24.57,56,False,False,5.17
7,draft-007,Loft moderno en el Centro,"Este loft de 60 m² en la colonia Centro combina diseño contemporáneo con una gran amplitud visual. Construido en 2021, ofrece una vivienda reciente y funcional. Cuenta con doble altura y un área de lavado que resuelve el día a día con comodidad. Ideal para quienes buscan un espacio personal y eficiente en un entorno accesible.",654,105,759,4.9,0.01,0.05,21.58,0.02,21.58,56,False,False,5.16
8,draft-001,Casa de reciente construcción en Prudencio Moscoso,"Una casa amplia y moderna en la colonia Prudencio Moscoso, lista para recibir a una familia. Con cuatro recámaras y tres baños, ofrece espacio para cada miembro de la casa. Contar con terraza y jardín permite disfrutar el aire libre sin salir de casa. El gimnasio facilita una rutina activa y saludable. A estrenar, con acabados nuevos y vida diaria cómoda.",705,123,828,4.9,0.01,0.05,24.98,0.02,24.98,61,False,False,5.18
9,draft-002,Departamento familiar en El Cerrillo,"Ubicado en un condominio moderno, este departamento ofrece un espacio práctico y equilibrado para familias que buscan estabilidad. Con dos recámaras y un baño, se adapta bien a una vida en crecimiento. La presencia de alberca favorece rutinas activas y momentos de convivencia en familia. La seguridad 24 horas y el elevador garantizan comodidad y tranquilidad en todos los días.",683,120,803,5.1,0.01,0.04,23.59,0.03,23.59,60,False,False,5.17
10,draft-003,Casa amplia en Barrio de Guadalupe,"Ubicada en el corazón de Barrio de Guadalupe, esta casa de 320 m² ofrece un espacio amplio para vivir con independencia. Con cinco recámaras y tres baños, cuenta con un patio para disfrutar el aire libre sin salir de casa. El cuarto de servicio resuelve el día a día con comodidad. Con más de 30 años de antigüedad, su historia le da un carácter auténtico y estable, ideal para familias que buscan un hogar con vida real.",713,139,852,5.2,0.01,0.04,26.67,0.02,26.67,77,False,False,5.17
11,draft-004,Departamento práctico en La Isla,"Ubicado en un condominio reciente, este departamento ofrece una vivienda eficiente y funcional para quienes valoran la practicidad. Con una superficie compacta y un diseño pensado para el día a día, ideal para profesionistas que buscan una vida en conjunto sin perder comodidad. Contar con un roof garden permite disfrutar del aire libre sin salir de casa, mientras que el área de lavado agiliza las tareas diarias.",679,118,797,4.5,0.01,0.05,26.05,0.02,26.05,67,False,False,5.16
12,draft-005,Casa en 31 de Marzo para vivir diariamente,"Esta casa en 31 de Marzo ofrece un espacio familiar con tres recámaras y dos baños, ideal para quienes buscan una vida diaria tranquila y ordenada. Con 120 m² de superficie y construcción de 1998, combina comodidad y independencia. No está en condominio, lo que permite una mayor libertad en el uso del espacio y la convivencia diaria.",614,119,733,5.6,0.01,0.02,21.18,0.02,21.18,58,False,False,5.16
13,draft-006,Departamento reciente en Real del Monte,"Ubicado en un condominio con espacios para disfrutar el aire libre sin salir de casa, este departamento ofrece practicidad y vida en conjunto. Con tres recámaras, dos baños y dos estacionamientos, es ideal para parejas o familias que van creciendo. La construcción reciente aporta comodidad y estabilidad, ideal para quienes buscan un estilo de vida sostenido y cercano.",681,111,792,4.6,0.01,0.05,24.32,0.02,24.32,58,False,False,5.17
14,draft-007,Loft con diseño moderno en Centro,"Este loft reciente ofrece un espacio amplio y personalizado, ideal para profesionistas que valoran la practicidad y la comodidad diaria. Con doble altura y área de lavado, resuelve el día a día con facilidad. Ubicado en la colonia Centro, combina diseño y funcionalidad para una vida más sencilla y eficiente.",654,98,752,3.9,0.01,0.04,24.9,0.02,24.9,50,False,False,5.17
15,draft-001,Casa de reciente construcción en Prudencio Moscoso,"Casa amplia y moderna en la colonia Prudencio Moscoso, lista para vivir. Tiene cuatro recámaras y tres baños, con espacios para disfrutar el aire libre en su terraza y un gimnasio para una rutina activa y saludable. A estrenar, ideal para familias que buscan un hogar con independencia y vida diaria cómoda.",705,114,819,4.1,0.01,0.05,27.77,0.02,27.78,52,False,False,5.17
16,draft-002,Departamento en El Cerrillo con alberca y seguridad,"Ubicado en un condominio moderno, este departamento ofrece comodidad y practicidad para familias que valoran un estilo de vida equilibrado. Contiene dos recámaras, un baño y acceso a una alberca pensada para la convivencia familiar y un bienestar activo. La seguridad 24 horas brinda tranquilidad, mientras el elevador facilita el desplazamiento entre pisos. Construido en 2010, es un espacio consolidado para quienes buscan estabilidad y calidad en su diario.",683,144,827,4.5,0.01,0.05,31.78,0.02,31.78,69,False,False,5.17
17,draft-003,Casa amplia en Barrio de Guadalupe,"En Barrio de Guadalupe, esta casa de 320 m² ofrece espacios para disfrutar el aire libre con su patio, ideal para momentos de tranquilidad y convivencia. Con cinco recámaras y tres baños, cuenta con un cuarto de servicio que resuelve el día a día con comodidad. Desde su construcción en 1965, forma parte de una historia de permanencia y vida familiar en un entorno amplio y auténtico.",713,127,840,4.5,0.01,0.04,27.94,0.02,27.94,67,False,False,5.16
18,draft-004,Departamento práctico en La Isla,"Ubicado en un condominio reciente, este departamento ofrece un espacio compacto y eficiente para quienes buscan practicidad en su día a día. Con una recámaras y un baño, se enfoca en la comodidad y el estilo de vida diario. Disfruta de espacios al aire libre gracias al roof garden, ideal para momentos de relajación sin salir de casa. La construcción de 2018 garantiza una vivienda moderna y funcional.",679,124,803,4.0,0.01,0.05,31.21,0.05,31.21,68,False,False,5.17
19,draft-005,Casa en 31 de Marzo para vivir diariamente,"Esta casa en 31 de Marzo ofrece un espacio familiar con tres recámaras y dos baños, ideal para quienes buscan un hogar estable y cómodo. Construida en 1998, cuenta con superficie de 120 m² y un estacionamiento para quienes lo necesiten. Es un entorno que favorece la vida diaria y la tranquilidad en el día a día.",614,115,729,4.7,0.01,0.03,24.26,0.02,24.26,57,False,False,5.17
20,draft-006,Departamento reciente en Real del Monte,"Ubicado en un condominio con espacios para disfrutar el aire libre sin salir de casa, este departamento combina practicidad y vida en conjunto. Con tres recámaras y dos baños, ofrece comodidad para parejas o familias que van creciendo. La construcción reciente aporta un diseño actual y un ambiente sólido. Disfruta de la sala de cine y la ludoteca dentro del complejo.",681,113,794,3.9,0.01,0.03,28.95,0.03,28.95,61,False,False,5.17
21,draft-007,Loft con diseño moderno en Centro,"Este loft recién construido en Centro combina amplitud visual con un diseño pensado para la vida diaria. Su estructura de doble altura aporta personalidad al espacio, mientras que la área de lavado resuelve el día a día con comodidad. Es ideal para profesionistas que buscan un hogar eficiente y funcional.",654,94,748,4.2,0.01,0.05,22.33,0.02,22.33,50,False,False,5.17
22,draft-001,Casa de reciente construcción en Prudencio Moscoso,"Una casa amplia y pensada para la vida diaria, ideal para familias que buscan espacio y independencia. Con cuatro recámaras y tres baños, ofrece comodidad para todos los miembros de la casa. Contar con terraza para disfrutar el aire libre y un gimnasio para mantener una rutina activa y saludable, aporta bienestar y equilibrio al día a día. A estrenar y en un entorno tranquilo, sin necesidad de compartir condominio.",705,135,840,5.1,0.01,0.04,26.28,0.02,26.28,70,False,False,5.17
23,draft-002,Departamento familiar en El Cerrillo,"Este departamento en El Cerrillo ofrece un espacio práctico y acogedor para familias en crecimiento. Con dos recámaras y un baño, cuenta con una alberca que facilita una rutina activa y saludable, pensada especialmente para la convivencia en familia. La seguridad 24 horas y el elevador garantizan tranquilidad y comodidad. Ubicado en un condominio moderno desde 2010, combina funcionalidad con un estilo de vida equilibrado.",683,133,816,5.3,0.01,0.05,25.15,0.04,25.15,65,False,False,5.16
24,draft-003,Casa amplia en Barrio de Guadalupe,"Esta casa en Barrio de Guadalupe ofrece un espacio amplio y funcional para una vida familiar. Con cinco recámaras y tres baños, cuenta con un patio para disfrutar el aire libre sin salir de casa. Un cuarto de servicio resuelve el día a día con comodidad. Desde su antigüedad, la vivienda tiene un carácter consolidado, reflejando una historia de uso continuo y estabilidad.",713,116,829,4.9,0.01,0.03,23.84,0.02,23.84,63,False,False,5.16
25,draft-004,Departamento práctico en La Isla,"Ubicado en un condominio reciente, este departamento de 45 m² ofrece un espacio compacto y eficiente para vivir día a día. Conta con una recámara y un baño, ideal para profesionistas que valoran la practicidad. Disfruta de espacios al aire libre en el roof garden, sin necesidad de salir de casa. El ambiente es acogedor y pensado para una vida en conjunto sencilla y cómoda.",679,120,799,5.1,0.01,0.06,23.66,0.04,23.66,65,False,False,5.17
26,draft-005,Casa en 31 de Marzo para vivir día a día,"Esta casa en 31 de Marzo ofrece espacios claros y una vida diaria cómoda. Con tres recámaras y dos baños, es un hogar adecuado para familias que buscan estabilidad y independencia. Construida en 1998, cuenta con un ambiente funcional y accesible. Ideal para quienes desean un espacio propio sin dependencia de condominio.",614,113,727,5.0,0.01,0.02,22.49,0.02,22.49,52,False,False,5.17
27,draft-006,Departamento reciente en Real del Monte,"Ubicado en un condominio con espacios para disfrutar el aire libre sin salir de casa, este departamento combina practicidad y vida en conjunto. Con tres recámaras y dos baños, ofrece comodidad para parejas o familias que van creciendo. La construcción reciente y las amenidades como sala de cine y ludoteca reflejan un estilo de vida equilibrado y cercano a la comunidad.",681,112,793,4.9,0.01,0.03,22.92,0.02,22.92,61,False,False,5.17
28,draft-007,Loft moderno en el Centro,Este loft reciente en el Centro combina diseño contemporáneo con funcionalidad diaria. Su doble altura ofrece una sensación de amplitud y personalidad. Incluye un área de lavado que resuelve el día a día con comodidad. Es un espacio ideal para profesionistas que valoran la eficiencia y la libertad de instalarse en un entorno propio y fresco.,654,104,758,5.1,0.01,0.05,20.41,0.02,20.41,56,False,False,5.16
29,draft-001,Casa de reciente construcción en Prudencio Moscoso,"Esta casa en Prudencio Moscoso ofrece un espacio amplio y fresco para vivir día a día. Con cuatro recámaras y tres baños, es ideal para familias que buscan estabilidad y comodidad. La terraza permite disfrutar el aire libre sin salir de casa, mientras el gimnasio facilita una rutina activa y saludable. A estrenar, con detalles que reflejan un diseño moderno y funcional.",705,124,829,5.2,0.01,0.04,23.98,0.04,23.98,62,False,False,5.17
30,draft-002,Departamento familiar en El Cerrillo,"Ubicado en un condominio con tranquilidad y comodidad, este departamento cuenta con dos recámaras y un baño. Su diseño promueve una vida práctica y en armonía con la familia. Con alberca para actividades activas y bienestar, ideal para momentos de convivencia en familia. La seguridad 24 horas asegura acceso controlado y tranquilidad. Además, cuenta con ascensor para facilitar el día a día.",683,115,798,5.0,0.01,0.05,22.92,0.04,22.92,62,False,False,5.17
31,draft-003,Casa amplia en Barrio de Guadalupe,"Esta casa en Barrio de Guadalupe ofrece un espacio amplio y funcional para la vida diaria. Con cinco recámaras y tres baños, se adapta a las necesidades de una familia. El patio permite disfrutar el aire libre sin salir de casa, mientras que el cuarto de servicio resuelve el día a día con comodidad. Construida hace más de 30 años, posee un carácter auténtico que refleja su historia y permanencia en la colonia.",713,131,844,4.9,0.02,0.05,26.58,0.02,26.58,73,False,False,5.17
32,draft-004,Departamento práctico en La Isla,"Ubicado en un condominio reciente, este departamento de 45 m² ofrece un espacio compacto y eficiente para vivir día a día. Conta con una recámara y un baño, ideal para profesionistas que valoran la practicidad. Disfruta de espacios para disfrutar el aire libre sin salir de casa, junto con una zona de lavado para comodidad. La vivienda está diseñada para integrarse fácilmente en un estilo de vida tranquilo y en conjunto.",679,127,806,5.3,0.01,0.05,23.83,0.02,23.83,71,False,False,5.17
33,draft-005,Casa en 31 de Marzo para vivir diariamente,"Esta casa en 31 de Marzo ofrece un espacio amplio y funcional para familias que buscan estabilidad y comodidad en su día a día. Con tres recámaras y dos baños, cuenta con los espacios necesarios para un estilo de vida familiar equilibrado. Construida en 1998, es un hogar independiente, ideal para quienes buscan integrarse sin complicaciones en su entorno.",614,120,734,5.7,0.01,0.02,21.2,0.04,21.2,59,False,False,5.18
34,draft-006,Departamento reciente en Real del Monte,"Ubicado en un condominio moderno, este departamento ofrece practicidad y comodidad para parejas o familias que van creciendo. Con tres recámaras y dos baños, cuenta con una superficie de 140 m² y se encuentra en una construcción de 2023. Disfruta de espacios para vivir al aire libre en la terraza, y cuenta con la sala de cine y ludoteca para momentos de entretenimiento en familia.",681,123,804,5.0,0.01,0.04,24.45,0.02,24.45,65,False,False,5.16
35,draft-007,Loft con diseño abierto en Centro,Este loft recién construido en la colonia Centro ofrece un espacio amplio y luminoso que combina diseño moderno con funcionalidad diaria. Su estructura con doble altura aporta una sensación de amplitud y personalidad. Cuenta con área de lavado que resuelve el día a día con comodidad. Ideal para quienes valoran la practicidad y un hogar eficiente en un entorno cercano.,654,112,766,4.8,0.01,0.03,23.53,0.04,23.53,60,False,False,5.17
36,draft-001,Casa de reciente construcción en Prudencio Moscoso,"Esta casa ofrece un espacio amplio y fresco para vivir diariamente. Con cuatro recámaras y tres baños, es ideal para familias que buscan comodidad y independencia. La terraza permite disfrutar el aire libre sin salir de casa, mientras que el gimnasio facilita una rutina activa y saludable. A estrenar, cuenta con acabados nuevos y un diseño que responde al estilo de vida cotidiano.",705,122,827,4.8,0.01,0.05,25.49,0.05,25.49,63,False,False,5.17
37,draft-002,Departamento familiar en El Cerrillo,"Ubicado en un condominio con seguridad 24 horas, este departamento ofrece practicidad y un estilo de vida equilibrado. Con dos recámaras y un baño, se adapta a las necesidades de parejas o familias que van creciendo. La presencia de una alberca facilita una rutina activa y saludable, pensada especialmente para la convivencia en familia. El elevador y el acceso controlado aportan tranquilidad y comodidad diaria.",683,128,811,5.0,0.02,0.06,25.57,0.04,25.57,65,False,False,5.17
38,draft-003,Casa amplia en Barrio de Guadalupe,"Esta casa en Barrio de Guadalupe cuenta con una superficie amplia y un carácter definido por más de 30 años de historia. Ofrece cinco recámaras, tres baños y un patio donde se puede disfrutar el aire libre sin salir de casa. Además, cuenta con un cuarto de servicio que resuelve el día a día con comodidad. Es un espacio de vida diaria pensado para familias que buscan independencia y tranquilidad en su hogar.",713,127,840,4.6,0.01,0.05,27.54,0.02,27.54,73,False,False,5.16
39,draft-004,Departamento práctico en La Isla,"Ubicado en un condominio reciente, este departamento ofrece una vivienda compacta y eficiente para quienes buscan practicidad. Con una recámara y un baño, está diseñado para una vida diaria sencilla y cómoda. Contar con un roof garden permite disfrutar del aire libre sin salir de casa. La tranquilidad del entorno y las comodidades del complejo hacen que sea ideal para quienes valoran el estilo de vida en conjunto.",679,119,798,4.1,0.01,0.04,28.76,0.03,28.76,68,False,False,5.16
40,draft-005,Casa en 31 de Marzo para vivir diariamente,"Esta casa en 31 de Marzo ofrece un espacio familiar cómodo y auténtico. Con tres recámaras y dos baños, se adapta bien a la vida cotidiana de las familias. Construida en 1998, cuenta con un ambiente estable y tranquilo. Disponible para renta, ideal para quienes buscan una vivienda cercana a sus rutinas diarias y sin necesidad de estar en condominio.",614,123,737,4.5,0.01,0.02,27.14,0.04,27.14,60,False,False,5.17
41,draft-006,Departamento en Real del Monte con estilo y comodidad,"Ubicado en un condominio moderno, este departamento ofrece practicidad y un ambiente acogedor para familias que van creciendo. Con tres recámaras y dos baños, cuenta con espacios para disfrutar el aire libre sin salir de casa, gracias a su terraza. La presencia de una sala de cine y una ludoteca fomenta la convivencia y la vida en conjunto.",681,111,792,4.9,0.01,0.04,22.61,0.02,22.61,58,False,False,5.17
42,draft-007,Loft con diseño moderno en Centro,"Este loft de 60 m² en Centro combina amplitud visual y diseño funcional para una vida diaria sencilla. Con doble altura y una área de lavado, resuelve el día a día con comodidad. Construido en 2021, ofrece un espacio fresco y eficiente ideal para profesionistas que valoran practicidad y personalidad en su vivienda.",654,106,760,4.9,0.01,0.04,21.45,0.02,21.45,53,False,False,5.16
43,draft-001,Casa de reciente construcción en Prudencio Moscoso,"Esta casa de 200 m² ofrece un espacio amplio y pensado para la vida diaria. Con cuatro recámaras y tres baños, es ideal para familias que buscan independencia y comodidad. La terraza permite disfrutar el aire libre sin salir de casa, mientras que el gimnasio facilita una rutina activa y saludable. A estrenar, cuenta con diseño moderno y funcionalidad para todos los días.",705,123,828,4.7,0.01,0.04,25.93,0.02,25.93,63,False,False,5.17
44,draft-002,Departamento familiar en El Cerrillo,"Ubicado en un condominio moderno, este departamento ofrece un espacio práctico y cómodo para familias que buscan estabilidad. Con dos recámaras y un baño, se adapta bien al crecimiento familiar. La presencia de alberca favorece una rutina activa y saludable, ideal para compartir momentos en familia. La seguridad 24 horas y el elevador brindan tranquilidad y comodidad en el día a día.",683,119,802,4.4,0.01,0.05,27.06,0.04,27.06,62,False,False,5.16
45,draft-003,Casa con patio en Barrio de Guadalupe,"Una casa amplia en Barrio de Guadalupe, construida hace más de 30 años, ofrece espacios para disfrutar el aire libre sin salir de casa. Con cinco recámaras y tres baños, cuenta con un cuarto de servicio que resuelve el día a día con comodidad. Su antigüedad le da un carácter auténtico y su estructura permite una vida familiar estable y autónoma.",713,115,828,3.8,0.01,0.04,30.48,0.03,30.48,61,False,False,5.16
46,draft-004,Departamento práctico en La Isla,"Ubicado en un condominio moderno, este departamento de 45 m² ofrece un espacio compacto y eficiente para vivir día a día. Con una recámara y baño, se adapta bien a un estilo de vida simple y funcional. Disfruta de espacios al aire libre en el roof garden, ideal para momentos de descanso sin salir de casa. Construido en 2018, combina practicidad y comodidad en un entorno de vida en conjunto.",679,127,806,4.4,0.01,0.06,28.84,0.02,28.84,70,False,False,5.16
47,draft-005,Casa en 31 de Marzo para vivir diariamente,"Esta casa en 31 de Marzo ofrece un espacio familiar cómodo y funcional. Con tres recámaras y dos baños, está pensada para quienes buscan estabilidad y un ambiente propio para la vida diaria. Construida en 1998, mantiene un equilibrio entre comodidad y mantenimiento. Disponible para quienes buscan integrarse a un entorno tranquilo y cercano a sus rutinas cotidianas.",614,123,737,4.6,0.01,0.02,26.77,0.02,26.77,58,False,False,5.16
48,draft-006,Departamento reciente en Real del Monte,"Ubicado en un condominio con espacios para disfrutar el aire libre sin salir de casa, este departamento ofrece practicidad y un estilo de vida equilibrado. Con tres recámaras y dos baños, es ideal para parejas o familias que van creciendo. La construcción reciente refleja un compromiso con calidad y comodidad, acompañado de amenidades como sala de cine y ludoteca para momentos de convivencia.",681,117,798,4.3,0.01,0.04,27.53,0.05,27.53,63,False,False,5.16
49,draft-007,Loft moderno en Centro,"Este loft en Centro combina diseño contemporáneo con practicidad diaria. Con doble altura y una amplia zona de lavado, resuelve el día a día con comodidad. Espacio reciente, pensado para profesionistas que valoran un hogar eficiente y personalizado.",654,80,734,4.0,0.01,0.05,19.97,0.04,19.97,38,False,False,5.17
50,draft-001,Casa de reciente construcción en Prudencio Moscoso,"Esta casa en Prudencio Moscoso ofrece un espacio amplio y tranquilo para vivir la vida diaria en familia. Con cuatro recámaras y tres baños, cuenta con terraza para disfrutar el aire libre sin salir de casa y un gimnasio que facilita una rutina activa y saludable. A estrenar, está lista para recibir a quienes buscan independencia y comodidad en su hogar.",705,118,823,4.8,0.01,0.05,24.83,0.02,24.83,61,False,False,5.17
51,draft-002,Departamento familiar en El Cerrillo,"Ubicado en un condominio moderno de El Cerrillo, este departamento ofrece comodidad y practicidad para familias en crecimiento. Cuenta con dos recámaras, un baño y acceso a una alberca que favorece una rutina activa y saludable, ideal para la convivencia en familia. La seguridad 24 horas y el elevador garantizan tranquilidad y comodidad en cada día.",683,114,797,4.6,0.01,0.05,24.78,0.02,24.78,56,False,False,5.17
52,draft-003,Casa amplia en Barrio de Guadalupe,"Esta casa en Barrio de Guadalupe cuenta con un espacio amplio y una estructura de más de 30 años que refleja su historia y carácter. Disfruta de espacios al aire libre con su patio, ideal para momentos de tranquilidad. El cuarto de servicio aporta práctica al día a día. Con cinco recámaras y tres baños, ofrece comodidad para familias que buscan estabilidad y espacio para todos.",713,120,833,4.1,0.01,0.05,29.21,0.02,29.21,66,False,False,5.16
53,draft-004,Departamento práctico en La Isla,"Ubicado en un condominio reciente, este departamento ofrece un espacio compacto y eficiente para vivir con comodidad. Cuenta con una recámara y un baño, ideal para quienes valoran la practicidad. Disfruta de espacios al aire libre en el roof garden, donde puedes relajarte sin salir de casa. La vida en comunidad se vive con sencillez y estilo.",679,105,784,4.8,0.01,0.04,21.97,0.08,21.97,57,False,False,5.17
54,draft-005,Casa de 3 recámaras en 31 de Marzo,"Ubicada en la colonia 31 de Marzo, esta casa ofrece espacios amplios y una vida diaria cómoda para familias que buscan independencia y tranquilidad. Con tres recámaras y dos baños, cuenta con un estacionamiento y su construcción de hace 28 años, manteniendo una estructura sólida y funcional. Ideal para quienes desean un hogar en un entorno cercano y accesible.",614,125,739,4.7,0.01,0.02,26.83,0.04,26.83,59,False,False,5.17
55,draft-006,Departamento reciente en Real del Monte,"Ubicado en un condominio moderno, este departamento ofrece comodidad y practicidad para familias en crecimiento. Con tres recámaras y dos baños, cuenta con un diseño amplio de 140 m². La presencia de una terraza permite disfrutar el aire libre sin salir de casa. Además, cuenta con sala de cine y ludoteca para momentos de entretenimiento en común.",681,108,789,4.8,0.01,0.05,22.73,0.02,22.73,57,False,False,5.16
56,draft-007,Loft con diseño abierto en Centro,"Este loft recién construido ofrece un espacio amplio y visual, ideal para quienes buscan practicidad y un ambiente personalizado. Con doble altura y área de lavado, resuelve el día a día con comodidad. Ubicado en la colonia Centro, es un hogar disponible para quien busca eficiencia y un diseño que encaja con su estilo de vida.",654,100,754,4.8,0.01,0.05,20.79,0.02,20.79,56,False,False,5.18
57,draft-001,Casa de reciente construcción en Prudencio Moscoso,"Esta casa, de 200 m², ofrece espacios amplios para vivir con comodidad y tranquilidad. Conta con cuatro recámaras y tres baños, ideal para familias que buscan un hogar con independencia. La terraza permite disfrutar el aire libre sin salir de casa, mientras que el gimnasio facilita una rutina activa y saludable. A estrenar, está ubicada en la colonia Prudencio Moscoso.",705,129,834,4.9,0.01,0.05,26.14,0.02,26.14,60,False,False,5.17
58,draft-002,Departamento con alberca y seguridad en El Cerrillo,"Este departamento en El Cerrillo ofrece un espacio práctico y cómodo para familias que valoran la convivencia. Con dos recámaras y un baño, cuenta con alberca que facilita una rutina activa y saludable, ideal para momentos en familia. La seguridad 24 horas y el elevador aportan tranquilidad al día a día. Todo en un entorno de condominio que fomenta un estilo de vida equilibrado y sostenido.",683,129,812,4.6,0.01,0.05,27.78,0.02,27.78,66,False,False,5.18
59,draft-003,Casa amplia en Barrio de Guadalupe,"En Barrio de Guadalupe, esta casa de 320 m² ofrece espacios amplios para vivir con independencia y tranquilidad. Con cinco recámaras y tres baños, cuenta con un patio para disfrutar el aire libre sin salir de casa y un cuarto de servicio que resuelve el día a día con comodidad. Desde sus paredes de 61 años, lleva una historia de permanencia y estabilidad, ideal para familias que buscan un hogar con espacio para todos.",713,134,847,4.1,0.01,0.05,32.93,0.02,32.93,74,False,False,5.18
60,draft-004,Departamento práctico en La Isla,"Ubicado en un condominio reciente, este departamento ofrece un espacio compacto y eficiente para quien busca vivir con practicidad. Con una recámara y un baño, se adapta fácilmente a un estilo de vida diario. Disfruta de espacios para disfrutar el aire libre sin salir de casa, gracias al roof garden. La construcción de 2018 asegura comodidad y calidad en cada detalle.",679,112,791,5.3,0.01,0.04,21.12,0.04,21.12,61,False,False,5.18
61,draft-005,Casa en 31 de Marzo para vivir diariamente,"Esta casa en 31 de Marzo ofrece un espacio amplio y funcional para familias que buscan estabilidad y comodidad. Con tres recámaras y dos baños, cuenta con una estructura sólida desde su construcción en 1998. La independencia del espacio permite vivir con tranquilidad, ideal para quienes valoran un hogar donde la vida cotidiana fluya sin complicaciones.",614,116,730,5.7,0.01,0.02,20.23,0.04,20.23,56,False,False,5.19
62,draft-006,Departamento reciente en Real del Monte,"Ubicado en un condominio moderno, este departamento combina practicidad y comodidad para familias en crecimiento. Con tres recámaras y dos baños, ofrece un espacio equilibrado para vivir juntos. Disfruta de una terraza para momentos al aire libre sin salir de casa. La presencia de sala de cine y ludoteca añade valor al día a día en comunidad.",681,108,789,5.1,0.01,0.04,20.97,0.04,20.97,57,False,False,5.18
63,draft-007,Loft con diseño moderno en Centro,"Este loft en Centro combina amplitud visual con un diseño que refleja la personalidad de quien lo habita. Con doble altura y área de lavado, resuelve el día a día con comodidad. Construido en 2021, ofrece un espacio reciente y eficiente para quienes buscan practicidad en su vivienda diaria.",654,96,750,5.1,0.01,0.05,18.76,0.02,18.76,49,False,False,5.18
64,draft-001,Casa en Prudencio Moscoso para vivir bien,"Esta casa en Prudencio Moscoso ofrece un espacio amplio y recién construido, ideal para familias que buscan una vida diaria cómoda y organizada. Con cuatro recámaras y tres baños, cuenta con terraza para disfrutar el aire libre sin salir de casa y un gimnasio que facilita una rutina activa y saludable. Es un hogar de independencia, pensado para la vida cotidiana familiar.",705,123,828,5.2,0.01,0.04,23.87,0.04,23.87,62,False,False,5.18
65,draft-002,Departamento familiar en El Cerrillo,"Ubicado en un condominio con seguridad 24 horas, este departamento ofrece practicidad y un ambiente de convivencia ideal para familias en crecimiento. Con dos recámaras y un baño, cuenta con un espacio amplio de 85 m². La presencia de una alberca facilita una rutina activa y saludable, pensada especialmente para la vida en familia. El elevador y el acceso controlado aportan mayor tranquilidad en el día a día.",683,125,808,5.2,0.01,0.05,23.9,0.02,23.9,68,False,False,5.18
66,draft-003,Casa amplia en Barrio de Guadalupe,"Esta casa en Barrio de Guadalupe ofrece un espacio amplio y funcional para la vida diaria. Con cinco recámaras y tres baños, cuenta con un patio donde disfrutar el aire libre sin salir de casa. El cuarto de servicio resuelve las necesidades prácticas del día a día. Construida en 1965, su antigüedad le da un carácter auténtico y una historia que se siente en cada rincon. Ideal para familias que buscan estabilidad y espacio para todos.",713,137,850,5.3,0.01,0.05,26.06,0.04,26.06,76,False,False,5.19
67,draft-004,Departamento práctico en La Isla,"Ubicado en un condominio reciente, este departamento de 45 m² ofrece una vivienda compacta y eficiente. Ideal para profesionistas que buscan practicidad y un estilo de vida equilibrado. Cuenta con una recámara y un baño, y cuenta con acceso a un roof garden para disfrutar el aire libre sin salir de casa. La comunidad fomenta la convivencia y la comodidad diaria.",679,115,794,5.2,0.01,0.05,22.21,0.02,22.21,61,False,False,5.18
68,draft-005,Casa en 31 de Marzo para vivir tranquilo,"Esta casa en 31 de Marzo ofrece un espacio familiar con tres recámaras y dos baños, ideal para quienes buscan estabilidad y tranquilidad en su día a día. Construida en 1998, cuenta con superficie de 120 m² y un estacionamiento para quienes desean mayor comodidad. Es un hogar de vida diaria, pensado para familias que buscan un entorno seguro y funcional.",614,123,737,5.7,0.01,0.02,21.77,0.02,21.77,61,False,False,5.18
69,draft-006,Departamento reciente en Real del Monte,"Ubicado en un condominio moderno, este departamento ofrece practicidad y comodidad para familias que van creciendo. Con 3 recámaras y 2 baños, cuenta con espacio para disfrutar el aire libre en su terraza. La vida en conjunto se fortalece con amenidades como sala de cine y ludoteca. Construido en 2023, aporta estabilidad y valor a largo plazo.",681,115,796,5.2,0.01,0.03,22.3,0.02,22.3,57,False,False,5.18
70,draft-007,Loft en Centro con diseño moderno y practicidad,"Este loft en la colonia Centro combina diseño contemporáneo con una sensación de amplitud visual. Su estructura de doble altura aporta personalidad al espacio, ideal para quienes valoran la eficiencia y la comodidad. Cuenta con un área de lavado que resuelve el día a día con comodidad. Construido en 2021, ofrece una solución práctica y moderna para quienes buscan un hogar funcional y bien definido.",654,125,779,5.4,0.01,0.04,22.99,0.02,22.99,65,False,False,5.18
71,draft-001,Casa de reciente construcción en Prudencio Moscoso,"Una casa amplia y moderna en la colonia Prudencio Moscoso, lista para recibir a familias que buscan un espacio de vida diaria. Con cuatro recámaras y tres baños, ofrece comodidad para todos los miembros de la casa. La terraza permite disfrutar el aire libre sin salir de casa, mientras el gimnasio facilita una rutina activa y saludable. A estrenar, con acabados nuevos y diseño pensado para la tranquilidad diaria.",705,133,838,5.2,0.01,0.04,25.57,0.06,25.57,69,False,False,5.19
72,draft-002,Departamento con alberca y seguridad en El Cerrillo,"Ubicado en el corazón de El Cerrillo, este departamento ofrece un espacio práctico y cómodo para parejas o familias que van creciendo. Conta con dos recámaras, un baño y acceso a una alberca pensada para la convivencia familiar y un bienestar activo. La seguridad 24 horas y el elevador garantizan tranquilidad y comodidad en el día a día. Todo en un entorno de condominio bien gestionado, ideal para una vida en conjunto sostenida y equilibrada.",683,144,827,5.3,0.01,0.05,27.14,0.05,27.14,75,False,False,5.19
73,draft-003,Casa amplia en Barrio de Guadalupe,"Esta casa en Barrio de Guadalupe cuenta con un espacio amplio y una estructura que ha evolucionado con el tiempo, reflejando su historia de más de 30 años. Cuenta con cinco recámaras, tres baños y un patio para disfrutar el aire libre sin salir de casa. Un cuarto de servicio resuelve el día a día con comodidad. Es un lugar diseñado para familias que valoran la independencia y el espacio para vivir con tranquilidad.",713,131,844,4.9,0.01,0.03,26.82,0.02,26.82,74,False,False,5.18
74,draft-004,Departamento práctico en La Isla,"Ubicado en un condominio reciente, este departamento de 45 m² ofrece un espacio compacto y eficiente para quienes valoran la practicidad. Con una recámara y un baño, es ideal para una vida diaria sencilla. Contiene acceso a un roof garden donde se pueden disfrutar momentos al aire libre sin salir de casa. La comunidad cuenta con área de lavado, favoreciendo la comodidad diaria.",679,115,794,4.8,0.01,0.03,24.08,0.02,24.08,63,False,False,5.18
75,draft-005,Casa en 31 de Marzo para vivir cómodamente,"Esta casa en 31 de Marzo ofrece un espacio familiar para vivir con independencia. Con tres recámaras y dos baños, es ideal para quienes buscan un hogar donde la vida diaria fluya de manera natural. Construida en 1998, cuenta con superficie de 120 m² y un estacionamiento para mayor comodidad. No está en condominio, lo que permite un entorno más personal y tranquilo.",614,126,740,5.4,0.01,0.02,23.34,0.02,23.35,63,False,False,5.16
76,draft-006,Departamento reciente en Real del Monte,"Ubicado en un condominio con espacios para disfrutar el aire libre sin salir de casa, este departamento ofrece practicidad y un estilo de vida en conjunto. Con 3 recámaras y 2 baños, cuenta con una construcción reciente de 2023, ideal para parejas o familias que van creciendo. Disfruta de la sala de cine y la ludoteca en el complejo, todo en un entorno moderno y cómodo.",681,121,802,5.4,0.01,0.05,22.38,0.02,22.38,66,False,False,5.17
77,draft-007,Loft con diseño moderno en Centro,"Este loft en Centro combina amplitud visual y practicidad para una vida diaria sencilla. Construido en 2021, cuenta con doble altura y un área de lavado que resuelve el día a día con comodidad. Ideal para profesionistas que buscan un espacio propio y eficiente, con una personalidad moderna que encaja con el estilo de vida actual.",654,105,759,5.2,0.01,0.04,20.3,0.02,20.3,56,False,False,5.17
78,draft-001,Casa de reciente construcción en Prudencio Moscoso,"Una casa amplia y moderna en la colonia Prudencio Moscoso, lista para recibir a familias que buscan un hogar con espacio y independencia. Conta con cuatro recámaras, tres baños, terraza para disfrutar el aire libre y un gimnasio que facilita una rutina activa y saludable. A estrenar, con detalles pensados para la vida diaria y el bienestar familiar.",705,119,824,4.7,0.01,0.05,25.06,0.04,25.06,58,False,False,5.17
79,draft-002,Departamento familiar en El Cerrillo,"Ubicado en un condominio moderno, este departamento ofrece un espacio práctico para parejas o familias en crecimiento. Con dos recámaras y un baño, cuenta con alberca que facilita una rutina activa y saludable, ideal para convivir en familia. La seguridad 24 horas asegura tranquilidad, mientras el elevador ofrece comodidad diaria. Construido en 2010, combina funcionalidad y bienestar en un entorno de vida compartida.",683,130,813,5.2,0.01,0.04,25.1,0.03,25.1,63,False,False,5.17
80,draft-003,Casa amplia en Barrio de Guadalupe,"Esta casa en Barrio de Guadalupe cuenta con una superficie amplia y un carácter definido por más de tres décadas de historia. Ofrece cinco recámaras y tres baños, con un patio para disfrutar el aire libre sin salir de casa. Un cuarto de servicio resuelve el día a día con comodidad. Es un espacio pensado para familias que buscan independencia y vida cotidiana equilibrada.",713,118,831,5.1,0.01,0.03,23.15,0.02,23.15,64,False,False,5.16
81,draft-004,Departamento práctico en La Isla,"Ubicado en un condominio reciente, este departamento ofrece un espacio compacto y eficiente para vivir día a día. Con una recámara y un baño, es ideal para quienes buscan practicidad y comodidad. Cuenta con un roof garden para disfrutar el aire libre sin salir de casa y una área de lavado para mayor comodidad. La vivienda está diseñada para integrarse fácilmente al estilo de vida diario de los profesionistas.",679,120,799,5.3,0.01,0.04,22.7,0.04,22.7,69,False,False,5.17
82,draft-005,Casa en 31 de Marzo para vivir cómodamente,"Esta casa en 31 de Marzo ofrece un espacio amplio y tranquilo para una vida diaria sencilla. Con tres recámaras y dos baños, es ideal para familias que buscan estabilidad y comodidad. Construida en 1998, mantiene su estructura sólida y funcional, sin necesidad de remodelaciones. Ideal para quienes buscan un hogar con independencia y espacio para todos.",614,122,736,5.7,0.01,0.02,21.3,0.02,21.3,57,False,False,5.17
83,draft-006,Departamento reciente en Real del Monte,"Ubicado en un condominio con espacios para disfrutar el aire libre sin salir de casa, este departamento ofrece practicidad y comodidad para parejas o familias que van creciendo. Con recámaras, baños y estacionamientos, cuenta con una construcción reciente que refleja un estilo de vida equilibrado. La presencia de sala de cine y ludoteca suma un toque de diversión y conexión en comunidad.",681,116,797,5.3,0.01,0.04,21.95,0.02,21.95,62,False,False,5.17
84,draft-007,Loft moderno en Centro,"Este loft en Centro combina diseño fresco con practicidad diaria. Construido recientemente, ofrece una sensación de amplitud visual y una personalidad propia del espacio. Cuenta con doble altura y área de lavado que resuelve el día a día con comodidad. Ideal para profesionistas que buscan un hogar eficiente y cómodo.",654,95,749,5.2,0.01,0.04,18.37,0.04,18.37,50,False,False,5.17
85,draft-001,Casa de reciente construcción en Prudencio Moscoso,"Esta casa en Prudencio Moscoso ofrece un espacio amplio y moderno para vivir con comodidad. Diseñada para familias, cuenta con cuatro recámaras y tres baños, ideal para una vida cotidiana equilibrada. La terraza permite disfrutar el aire libre sin salir de casa, mientras que el gimnasio facilita una rutina activa y saludable. A estrenar, con acabados nuevos y una construcción reciente, es un hogar que se adapta a la vida real.",705,140,845,5.3,0.01,0.05,26.22,0.04,26.22,71,False,False,5.17
86,draft-002,Departamento familiar en El Cerrillo,"Ubicado en un condominio moderno de El Cerrillo, este departamento ofrece un espacio práctico y acogedor para parejas o familias que van creciendo. Conta con dos recámaras, un baño y acceso controlado para mayor tranquilidad. La presencia de una alberca fomenta una rutina activa y saludable, ideal para la convivencia en familia. Consta de un elevador y fue construido en 2010, garantizando una estabilidad estructural y un ambiente de vida en conjunto.",683,139,822,5.5,0.01,0.05,25.39,0.02,25.39,72,False,False,5.17
87,draft-003,Casa amplia en Barrio de Guadalupe,"Esta casa en Barrio de Guadalupe ofrece espacios amplios para vivir con tranquilidad y independencia. Su antigüedad de más de 30 años aporta un carácter auténtico y una historia que se vive día a día. Cuenta con cinco recámaras, tres baños y un patio para disfrutar el aire libre sin salir de casa. Un cuarto de servicio resuelve el día a día con comodidad, ideal para familias que buscan un espacio funcional y duradero.",713,134,847,5.2,0.01,0.04,25.67,0.04,25.67,74,False,False,5.17
88,draft-004,Departamento practico en La Isla,"Ubicado en un condominio reciente, este departamento de 45 m² ofrece un espacio compacto y eficiente para quienes valoran la practicidad. Conta con una recámara y un baño, ideal para una vida diaria sencilla y cómoda. Disfruta de espacios al aire libre en el roof garden, donde se puede relajarse sin salir de casa. La vivienda se integra bien con el entorno del condominio, con áreas comunes como el área de lavado.",679,130,809,5.4,0.01,0.03,24.11,0.02,24.11,72,False,False,5.17
89,draft-005,Casa en 31 de Marzo para vivir bien,"Esta casa en la colonia 31 de Marzo ofrece un espacio amplio y equilibrado para la vida familiar. Con tres recámaras y dos baños, está pensada para quienes buscan estabilidad y comodidad en su día a día. Construida en 1998, cuenta con un ambiente acogedor y una independencia que favorece la rutina diaria. Ideal para quienes buscan un hogar donde el día a día fluya con naturalidad.",614,129,743,5.6,0.01,0.02,23.04,0.02,23.04,67,False,False,5.16
90,draft-006,Departamento reciente en Real del Monte,"Ubicado en un condominio moderno, este departamento ofrece comodidad y practicidad para familias en crecimiento. Con tres recámaras y dos baños, cuenta con espacio para vivir juntos de forma equilibrada. La terraza permite disfrutar el aire libre sin salir de casa. Además, cuenta con sala de cine y ludoteca para momentos de entretenimiento en comunidad. Construido en 2023, representa un estilo de vida actual y duradero en Real del Monte.",681,128,809,5.3,0.01,0.04,24.1,0.02,24.1,70,False,False,5.16
91,draft-007,Loft con diseño moderno en Centro,"Este loft en Centro combina diseño contemporáneo con funcionalidad diaria. Su doble altura ofrece una sensación de ampliación y personalidad espacial. Contar con área de lavado resuelve el día a día con comodidad. Construido en 2021, el espacio refleja la eficiencia y la práctica que buscan los profesionistas en busca de un hogar funcional y cercano.",654,111,765,5.2,0.01,0.04,21.4,0.02,21.4,56,False,False,5.16
92,draft-001,Casa de reciente construcción en Prudencio Moscoso,Espacios amplios y bien distribuidos para vivir con comodidad y tranquilidad. Cuenta con terraza para disfrutar el aire libre sin salir de casa y un gimnasio que facilita una rutina activa y saludable. Ideal para familias que buscan un hogar con independencia y espacios para todos los miembros.,705,98,803,4.8,0.01,0.04,20.6,0.04,20.6,48,False,False,5.17
93,draft-002,Departamento familiar en El Cerrillo,"Ubicado en un condominio con seguridad 24 horas, este departamento ofrece un espacio práctico para familias en crecimiento. Contiene dos recámaras y un baño, ideal para una vida diaria equilibrada. La presencia de una alberca favorece una rutina activa y saludable, pensada para la convivencia familiar. El acceso controlado garantiza tranquilidad y bienestar diario.",683,113,796,5.1,0.01,0.04,22.18,0.07,22.18,54,False,False,5.17
94,draft-003,Casa amplia en Barrio de Guadalupe,"Esta casa en Barrio de Guadalupe cuenta con una superficie amplia y un carácter definido por más de 30 años de historia. Ofrece cinco recámaras, tres baños y un patio para disfrutar el aire libre sin salir de casa. Un cuarto de servicio resuelve el día a día con comodidad. Es un espacio pensado para familias que buscan independencia y vida cotidiana equilibrada.",713,118,831,5.0,0.01,0.05,23.76,0.02,23.76,63,False,False,5.17
95,draft-004,Departamento práctico en La Isla,"Ubicado en un condominio moderno, este departamento de 45 m² ofrece un espacio compacto y eficiente para quienes buscan practicidad. Con una recámara y un baño, es ideal para una vida diaria sencilla. Disfruta de espacios al aire libre en el roof garden, perfectos para relajarse sin salir de casa. Construido en 2018, combina reciente antigüedad con comodidad y estilo de vida en conjunto.",679,125,804,5.2,0.01,0.04,24.06,0.02,24.06,64,False,False,5.17
96,draft-005,Casa de 3 recámaras en 31 de Marzo,"Esta casa en 31 de Marzo ofrece espacios claros y una vida diaria cómoda. Con tres recámaras y dos baños, es ideal para familias que buscan un entorno de independencia. Construida en 1998, cuenta con superficie de 120 m² y un estacionamiento. No se encuentra en condominio, lo que permite mayor autonomía en el manejo diario de la vivienda.",614,126,740,5.6,0.01,0.02,22.55,0.02,22.55,59,False,False,5.17
97,draft-006,Departamento reciente en Real del Monte,"Ubicado en un condominio moderno, este departamento ofrece comodidad y practicidad para familias que van creciendo. Con 3 recámaras y 2 baños, cuenta con espacios para disfrutar el aire libre sin salir de casa. La presencia de una terraza y amenidades como sala de cine y ludoteca aporta un estilo de vida equilibrado y agradable.",681,108,789,5.0,0.01,0.04,21.59,0.02,21.59,55,False,False,5.16
98,draft-007,Loft moderno en Centro,"Este loft en Centro combina diseño actual con funcionalidad diaria. Su doble altura da una sensación de amplitud y personalidad. Contempla un espacio pensado para la vida cotidiana, con una área de lavado que resuelve el día a día con comodidad. Construido en 2021, ofrece estabilidad y una vivienda eficiente para quienes buscan practicidad y un ambiente propio.",654,109,763,5.2,0.01,0.03,21.01,0.02,21.01,58,False,False,5.16
99,draft-001,Casa en Prudencio Moscoso con terraza y gimnasio,"Esta casa en Prudencio Moscoso ofrece un espacio amplio y funcional para vivir con tranquilidad. A estrenar y de reciente construcción, combina una recámara para cada miembro de la familia con áreas dedicadas al aire libre. La terraza permite disfrutar del aire libre sin salir de casa, mientras el gimnasio facilita una rutina activa y saludable. Ideal para quienes buscan un hogar con independencia y ritmo diario equilibrado.",705,133,838,5.1,0.01,0.04,25.98,0.02,25.98,68,False,False,5.16
100,draft-002,Departamento con alberca y seguridad en El Cerrillo,"Ubicado en un condominio moderno de El Cerrillo, este departamento ofrece un espacio practico para familias en crecimiento. Contiene dos recámaras y un baño, con acceso controlado que garantiza tranquilidad. La presencia de una alberca favorece rutinas activas y promueve la convivencia familiar. El edificio cuenta con ascensor para mayor comodidad en el día a día.",683,118,801,5.1,0.01,0.05,23.0,0.02,23.0,56,False,False,5.16
